,IDEOLOGY_F1,IDEOLOGY_F2
Prosocial_DV,-0.01022284837765568,0.1235224352733234
ClassSystemJust_std,-0.30711894116149213,-0.44811355525227486
EconomicBelief_std,0.1665394873805747,0.24693533397280065
SupportEquality_std,-0.006688235949816619,1.0087083249848794
Egalitarianism_std,0.6310555383092454,0.26183247273727644
SocialOrientation_std,0.8843852034729659,-0.08491661106952018
HumanVS_std,-0.13293399466109296,0.1891020422638747
RSDO_std,1.0167807573407057,0.011800007176472999
