,BIGFIVE_F1,BIGFIVE_F2
Prosocial_DV,0.05251209047447078,0.016402703032027864
ExtraversionBig5_std,0.24116638709041477,0.4101581533746343
OpennessBig5_std,0.9648623434716271,-0.0007585860801383604
ConscientiousnessBig5_std,0.012385878370607598,0.7138683405158938
NeuroticismBig5_std,0.15983578691328684,-0.48324359968125274
