participantid,extraversionbig5,agreeable,neuroticismbig5,conscientiousnessbig5,opennessbig5,income,education,totalallowance,assignedallowancelevel,stdactions,z_extraversionbig5,z_agreeable,z_neuroticismbig5,z_conscientiousnessbig5,z_opennessbig5,z_net_income,z_stdactions,reducation,weighted_ttp,min_weighted_ttp,max_weighted_ttp,weighted_ttp06,choice_length_deterministic,bs_weighted_loyalty,weighted_loyalty,min_weighted_loyalty,max_weighted_loyalty,weighted_loyalty15,choice1_loyalty_deterministic,choice2_loyalty_deterministic,choice3_loyalty_deterministic,choice4_loyalty_deterministic,choice5_loyalty_deterministic,WTP_calculated,z_WTP_calculated,min_WTP_calculated,max_WTP_calculated,WTP_calculated15,choice1_WTP_deterministic,choice2_WTP_deterministic,choice3_WTP_deterministic,choice4_WTP_deterministic,choice5_WTP_deterministic,WTP_noincome,weighted_WTP_categorical,z_WTP_categorical,RT_calculated_hs,z_RT_calculated_hs,min_RT_calculated,max_RT_calculated,RT_calculated15,choice1_RT_deterministic,choice2_RT_deterministic,choice3_RT_deterministic,choice4_RT_deterministic,choice5_RT_deterministic,RT_noincome_hs,weighted_RT_categorical,z_RT_categorical,Flexibility_calculated_ivw,z_Flexibility_calculated_ivw,anchored_flexibility,z_anchored_flexibility,min_Flexibility_combined,max_Flexibility_combined,Flexibility_combined15,choice1_flex_deterministic,choice2_flex_deterministic,choice3_flex_deterministic,choice4_flex_deterministic,choice5_flex_deterministic,sWTP_calculated,min_sWTP_calculated,max_sWTP_calculated,sWTP_calculated15,choice1_WTP_calculated_stoc,choice2_WTP_calculated_stoc,choice3_WTP_calculated_stoc,choice4_WTP_calculated_stoc,choice5_WTP_calculated_stoc
716,4.7,3.25,1.6,4.9,4.4,22518.84512,2,72,3,1.388730168,1.634068608,-0.7931804657,-1.611400843,2.220767498,0.6694304347,-0.3283781111,0.2997145951,1,-0.02086663991,-0.07178839296,0.1379993707,1.456354856,1,-0.03324753419,-0.9270372391,3.400620699,-3.031393766,2,1,4,5,2,,-0.09056494385,-0.1300664097,-1.397873402,5.470183372,1,3,2,1,4,5,0.1386429816,-0.04742842168,-0.05979990587,0.04382342845,0.6709656119,-2.646594286,3.333152533,3,1,3,5,,,0.04608076438,0.04430556297,0.6784020066,0.2077663541,1.802689672,1.426945925,1.786171198,-2.965258121,3.648804188,4,1,5,,,,0.8263176084,-1.859476447,3.782505274,3,1,4,5,,
717,4.4,4.05,3,3.4,4.3,38900.56638,2,128,4,1.457737923,1.204857349,1.350033402,0.4354855418,-0.4594691396,0.4721246362,0.5965365171,0.4019052684,1,0.03969012946,-0.07178839296,0.1379993707,3.188269854,3,0.03508522734,0.9782774448,3.400620699,-3.031393766,4,5,2,,,,0.4947631359,0.7105626464,-1.397873402,5.470183372,2,2,1,4,5,,0.07838064432,0.3277123272,0.5193787813,0.0005376458284,0.008231718093,-2.646594286,3.333152533,3,1,3,5,,,-0.003563063685,-0.001119963825,-0.01714810915,0.05957752094,0.5169257522,0.4881706238,0.6110647321,-2.965258121,3.648804188,3,3,1,5,,,0.9668173194,-1.859476447,3.782505274,3,1,4,5,,
718,4.7,3.433333333,1.8,4.7,4.9,10066.42213,2,12,1,1.195228577,1.634068608,-0.3020273149,-1.318988562,1.863402605,1.655959487,-1.031443954,0.01316624507,1,-0.009635024704,-0.07178839296,0.1379993707,1.7775774,1,-0.007239473052,-0.2018574029,3.400620699,-3.031393766,3,4,5,2,,,-0.5873579979,-0.843544364,-1.397873402,5.470183372,1,3,2,1,4,5,0.1325899065,-0.6052885056,-0.9210784435,0.04940868169,0.7564795613,-2.646594286,3.333152533,3,1,3,5,,,0.05649903044,0.0496683307,0.7605160475,0.2279468775,1.977786422,1.486631393,1.860882163,-2.965258121,3.648804188,4,1,5,,,,-0.452714473,-1.859476447,3.782505274,2,2,1,4,5,
719,3.9,4.1,2.6,3.8,4.7,12279.63589,2,12,1,1.035098314,0.4895052314,1.483984232,-0.1493391693,0.2552606463,1.26134789,-0.906485498,-0.2239639014,1,0.04796910286,-0.07178839296,0.1379993707,3.425047159,3,0.05491388589,1.531157732,3.400620699,-3.031393766,4,5,2,,,,-0.6124119163,-0.8795260191,-1.397873402,5.470183372,1,3,2,1,4,5,0.02031494305,-0.7037683725,-1.07312119,-0.02696245164,-0.4128129184,-2.646594286,3.333152533,2,2,1,3,5,,-0.0207310915,-0.02756179124,-0.4220221341,0.140416652,1.218328357,0.8577553034,1.073690176,-2.965258121,3.648804188,4,1,5,,,,-1.392076373,-1.859476447,3.782505274,1,3,2,1,4,5
720,2.5,3.95,2.7,3.4,4.3,13078.37771,2,12,1,0.8345229626,-1.513480663,1.082131624,-0.003132989397,-0.4594691396,0.4721246362,-0.8613883853,-0.5209875107,1,0.06780865043,-0.07178839296,0.1379993707,3.992455482,3,0.05351755768,1.492223978,3.400620699,-3.031393766,4,5,2,,,,-0.733943224,-1.054065347,-1.397873402,5.470183372,1,3,2,1,4,5,-0.1326941401,-0.8598813415,-1.314143538,-0.05849164724,-0.8955457211,-2.646594286,3.333152533,2,2,1,3,5,,-0.05257029459,-0.05940099433,-0.9095401168,0.01398510393,0.1213420853,-0.03924031556,-0.0491188392,-2.965258121,3.648804188,3,3,1,5,,,-1.064173818,-1.859476447,3.782505274,1,3,2,1,4,5
722,2.9,3.133333333,4.7,3,4.9,24596.22532,2,72,3,0.7071067691,-0.941198945,-1.10573256,2.920990467,-1.174198866,1.655959487,-0.2110888809,-0.709672749,1,0.07105373591,-0.07178839296,0.1379993707,4.085264206,4,-0.006782841869,-0.18912521,3.400620699,-3.031393766,3,4,5,2,,,-0.2079385817,-0.2986346185,-1.397873402,5.470183372,1,3,2,1,4,5,-0.0605985485,-0.2466699481,-0.3674083054,0.02636018395,0.4035918117,-2.646594286,3.333152533,3,1,3,5,,,0.02781125158,0.02603605017,0.3986614347,-0.2388355285,-2.072262049,-1.731614709,-2.167538643,-2.965258121,3.648804188,1,2,4,3,1,5,0.1821333021,-1.859476447,3.782505274,2,2,1,4,5,
723,3.7,3.783333333,2.1,3.7,3.7,13878.74931,2,12,1,1.388730168,0.2033643872,0.6356287599,-0.8803700209,0.07657819241,-0.7117102742,-0.8161993027,0.2997145951,1,0.02133264206,-0.07178839296,0.1379993707,2.663248301,2,0.009852467105,0.2747152448,3.400620699,-3.031393766,3,4,5,2,,,-0.5615028143,-0.8064120412,-1.397873402,5.470183372,1,3,2,1,4,5,0.008204313926,-0.7224316597,-1.101935387,-0.02236114629,-0.342363894,-2.646594286,3.333152533,2,2,1,3,5,,-0.01675043255,-0.02358113229,-0.3610707521,0.06563290954,0.5694654584,0.50202775,0.6284103394,-2.965258121,3.648804188,3,3,1,5,,,-0.6699639559,-1.859476447,3.782505274,2,2,1,4,5,
724,3.3,3.766666667,4.5,4.3,4.4,24298.28035,2,72,3,0.7071067691,-0.3689172864,0.5909784436,2.628578186,1.148672819,0.6694304347,-0.2279109061,-0.709672749,1,0.1076748669,-0.07178839296,0.1379993707,5.132623672,5,0.02924337611,0.8153897524,3.400620699,-3.031393766,3,4,5,2,,,-0.1954590976,-0.2807119787,-1.397873402,5.470183372,1,3,2,1,4,5,-0.03637729213,-0.2224486917,-0.3300131857,-0.1282499135,-1.96359086,-2.646594286,3.333152533,1,4,2,1,3,5,-0.1266832054,-0.1284584105,-1.966938734,-0.04499038309,-0.390360117,-0.4701882601,-0.5885553956,-2.965258121,3.648804188,2,4,3,1,5,,0.03831975907,-1.859476447,3.782505274,2,2,1,4,5,
725,3.6,3.45,2.6,4,4.4,68103.3677,2,200,5,1.060660124,0.06029396132,-0.2573770285,-0.1493391693,0.6126255393,0.6694304347,2.245331287,-0.1861104965,1,0.02680521645,-0.07178839296,0.1379993707,2.819763184,2,-0.001210208051,-0.03374408931,3.400620699,-3.031393766,3,4,5,2,,,1.575168133,2.262205124,-1.397873402,5.470183372,3,1,4,5,,,0.00792693533,1.138554931,1.7712363,0.02350470051,0.3598724902,-2.646594286,3.333152533,3,1,3,5,,,0.008069849573,0.01922035031,0.294300288,0.04571231827,0.3966239989,0.2509403825,0.3141131699,-2.965258121,3.648804188,3,3,1,5,,,0.7552663088,-1.859476447,3.782505274,3,1,4,5,,
726,3.2,3.116666667,1.9,3,2.5,21080.36798,2,72,3,0,-0.5119876862,-1.150382757,-1.172782421,-1.174198866,-3.079380035,-0.4095947444,-1.756797314,1,-0.01648433506,-0.07178839296,0.1379993707,1.581688166,1,-0.06431487203,-1.793284297,3.400620699,-3.031393766,1,3,1,4,5,2,-0.3120964766,-0.4482227862,-1.397873402,5.470183372,1,3,2,1,4,5,-0.02619935386,-0.2122707516,-0.314299494,0.02957160957,0.4527608752,-2.646594286,3.333152533,3,1,3,5,,,0.03238724545,0.03061204404,0.4687285125,-0.1508797556,-1.309111714,-1.421033144,-1.77876997,-2.965258121,3.648804188,1,2,4,3,1,5,-0.7716622949,-1.859476447,3.782505274,1,3,2,1,4,5
727,4.1,3.716666667,3.8,3.6,4.3,24229.26164,2,72,3,1.281739831,0.7756460309,0.4570276141,1.605134964,-0.1021042541,0.4721246362,-0.2318077087,0.1412771195,1,0.0565097481,-0.07178839296,0.1379993707,3.669308424,3,0.01168782637,0.3258903623,3.400620699,-3.031393766,3,4,5,2,,,-0.1062644646,-0.1526135504,-1.397873402,5.470183372,1,3,2,1,4,5,0.05553731695,-0.1305340827,-0.1881064922,-0.02488397993,-0.3809901476,-2.646594286,3.333152533,2,2,1,3,5,,-0.02329048887,-0.02506568842,-0.3838021159,-0.03892476857,-0.3377316594,-0.217979461,-0.2728545368,-2.965258121,3.648804188,3,3,1,5,,,0.3895403147,-1.859476447,3.782505274,2,2,1,4,5,
729,3.8,3.333333333,2.5,3.5,3.6,12974.27414,2,12,1,1.72688818,0.3464348018,-0.5699290633,-0.2955453396,-0.2807866931,-0.9090160728,-0.8672661185,0.800478518,1,0.005969840102,-0.07178839296,0.1379993707,2.223874331,2,-0.03099901415,-0.8643420339,3.400620699,-3.031393766,2,1,4,5,2,,-0.5710068941,-0.8200614452,-1.397873402,5.470183372,1,3,2,1,4,5,0.03434483707,-0.7056028247,-1.075953484,0.02165867575,0.3316086233,-2.646594286,3.333152533,3,1,3,5,,,0.02762043476,0.02078973502,0.3183305264,-0.04518191889,-0.3920219839,-0.09389685839,-0.1175348461,-2.965258121,3.648804188,3,3,1,5,,,0.03211238608,-1.859476447,3.782505274,2,2,1,4,5,
730,2.8,3.783333333,2.9,3.2,4.3,21266.55266,2,72,3,0,-1.084269404,0.6356287599,0.2892793417,-0.8168340325,0.4721246362,-0.3990827501,-1.756797314,1,0.05583597347,-0.07178839296,0.1379993707,3.650038719,3,0.0354911238,0.989594996,3.400620699,-3.031393766,4,5,2,,,,-0.3719021976,-0.5341138244,-1.397873402,5.470183372,1,3,2,1,4,5,-0.09334243089,-0.2794138193,-0.4179614782,-0.02082113735,-0.3187853396,-2.646594286,3.333152533,2,2,1,3,5,,-0.0180777628,-0.01985296421,-0.3039855063,-0.03206710517,-0.2782309949,-0.6478725672,-0.8109707236,-2.965258121,3.648804188,2,4,3,1,5,,-0.5352481604,-1.859476447,3.782505274,2,2,1,4,5,
732,3.1,3.5,2.8,3.9,2.9,10227.70067,2,12,1,1.772810578,-0.6550581455,-0.1234261543,0.1430731863,0.433943063,-2.290156841,-1.022338152,0.8684830666,1,0.04421546683,-0.07178839296,0.1379993707,3.31769371,3,-0.0224949792,-0.6272249818,3.400620699,-3.031393766,2,1,4,5,2,,-0.7637307644,-1.09684515,-1.397873402,5.470183372,1,3,2,1,4,5,-0.05013876036,-0.7866376638,-1.201062918,-0.09352482855,-1.431926847,-2.646594286,3.333152533,2,2,1,3,5,,-0.08649707586,-0.0933277756,-1.429022789,-0.07354220003,-0.6380906105,-0.2614471912,-0.3272649944,-2.965258121,3.648804188,2,4,3,1,5,,-0.4311350882,-1.859476447,3.782505274,2,2,1,4,5,
733,3.2,3.233333333,4.4,3.6,4.1,10725.49007,2,12,1,0.5175491571,-0.5119876862,-0.8378307819,2.482372046,-0.1021042541,0.07751300186,-0.9942328334,-0.9903806448,1,0.0703368336,-0.07178839296,0.1379993707,4.064761162,4,-0.02002747916,-0.5584239364,3.400620699,-3.031393766,2,1,4,5,2,,-0.7240258455,-1.03982234,-1.397873402,5.470183372,1,3,2,1,4,5,-0.03005131148,-0.7720682025,-1.178569078,-0.04499777406,-0.6889455914,-2.646594286,3.333152533,2,2,1,3,5,,-0.03816321865,-0.04499391839,-0.6889407039,-0.187925756,-1.630542278,-1.4705019,-1.840692163,-2.965258121,3.648804188,1,2,4,3,1,5,-1.159395099,-1.859476447,3.782505274,1,3,2,1,4,5
734,3.9,4.3,2,4.3,4.8,12291.85488,2,12,1,0.5,0.4895052314,2.019787788,-1.026576161,1.148672819,1.458653688,-0.9057956338,-1.016368389,1,0.04835576937,-0.07178839296,0.1379993707,3.436105728,3,0.07364728302,2.053498983,3.400620699,-3.031393766,4,5,2,,,,-0.6185337901,-0.8883180618,-1.397873402,5.470183372,1,3,2,1,4,5,0.01371158659,-0.706233263,-1.076926708,-0.05448067188,-0.8341350555,-2.646594286,3.333152533,2,2,1,3,5,,-0.04825405404,-0.05508475378,-0.8434503675,0.2627344429,2.279621601,1.455624104,1.822069049,-2.965258121,3.648804188,4,1,5,,,,-0.278205961,-1.859476447,3.782505274,2,2,1,4,5,
736,2.4,3.6,2.1,2.9,3.5,12170.42118,2,12,1,1.908627033,-1.656551123,0.1444755793,-0.8803700209,-1.352881312,-1.106321931,-0.9126517773,1.069607973,1,0.02809601836,-0.07178839296,0.1379993707,2.856679916,2,0.008616117761,0.2402422428,3.400620699,-3.031393766,3,4,5,2,,,-0.7694521546,-1.105062127,-1.397873402,5.470183372,1,3,2,1,4,5,-0.1324212402,-0.866850853,-1.324903846,-0.007655328605,-0.1172081307,-2.646594286,3.333152533,3,1,3,5,,,-0.001381580485,-0.00821228046,-0.1257447898,-0.07719823718,-0.6698123217,-0.234957248,-0.2941063643,-2.965258121,3.648804188,3,3,1,5,,,-0.9808444977,-1.859476447,3.782505274,1,3,2,1,4,5
738,3.4,3.883333333,3.6,4.3,4.2,10719.02932,2,12,1,1.246423483,-0.2258468717,0.9035304785,1.312722564,1.148672819,0.2748188078,-0.9945976138,0.08897862583,1,0.08526675403,-0.07178839296,0.1379993707,4.491754532,4,0.03317504749,0.9250161052,3.400620699,-3.031393766,4,5,2,,,,-0.7231754065,-1.038600922,-1.397873402,5.470183372,1,3,2,1,4,5,-0.02894627862,-0.7575129867,-1.156097412,-0.1178592965,-1.80450356,-2.646594286,3.333152533,1,4,2,1,3,5,-0.111022234,-0.1178529412,-1.804549098,0.03253628686,0.282301873,0.2339710593,0.2928719223,-2.965258121,3.648804188,3,3,1,5,,,-1.833276987,-1.859476447,3.782505274,1,3,2,1,4,5
739,3.5,3.85,3.8,3.1,3.7,10551.27689,2,12,1,1.302470207,-0.08277645707,0.8142299056,1.605134964,-0.995516479,-0.7117102742,-1.004068971,0.1719758511,1,0.06789703667,-0.07178839296,0.1379993707,3.994983196,3,0.01818797179,0.5071331859,3.400620699,-3.031393766,3,4,5,2,,,-0.7174028754,-1.030310631,-1.397873402,5.470183372,1,3,2,1,4,5,-0.01656274684,-0.745819211,-1.138043404,-0.06063725054,-0.9283963442,-2.646594286,3.333152533,2,2,1,3,5,,-0.05373508111,-0.06056578457,-0.9273751974,-0.1167276278,-1.012789965,-0.7165985107,-0.8969980478,-2.965258121,3.648804188,2,4,3,1,5,,-1.768625498,-1.859476447,3.782505274,1,3,2,1,4,5
740,2.6,3.45,2.3,3.4,4,23860.13855,2,72,3,2.416461468,-1.370410204,-0.2573770285,-0.5879576802,-0.4594691396,-0.119792819,-0.2526484728,1.821638584,1,0.03037445247,-0.07178839296,0.1379993707,2.921842813,2,0.004195963498,0.1169955805,3.400620699,-3.031393766,3,4,5,2,,,-0.2812514007,-0.4039240777,-1.397873402,5.470183372,1,3,2,1,4,5,-0.1049027741,-0.29097417,-0.4358094633,0.002109449124,0.03229706362,-2.646594286,3.333152533,3,1,3,5,,,0.003846204607,0.002071004594,0.03171160817,-0.0348940976,-0.3027594686,0.2283400446,0.2858233154,-2.965258121,3.648804188,3,3,1,5,,,-0.5581411719,-1.859476447,3.782505274,2,2,1,4,5,
741,3.6,3.666666667,2.1,4.5,4.6,39223.31895,2,128,4,0.3535533845,0.06029396132,0.323076725,-0.8803700209,1.506037712,1.064042091,0.6147592068,-1.233235002,1,0.03084922209,-0.07178839296,0.1379993707,2.93542099,2,0.02106785029,0.5874325037,3.400620699,-3.031393766,3,4,5,2,,,0.4298752248,0.6173727512,-1.397873402,5.470183372,2,2,1,4,5,,0.0007733001257,0.2501049936,0.3995610476,-0.01599262096,-0.2448575795,-2.646594286,3.333152533,3,1,3,5,,,-0.02021859586,-0.01777549647,-0.2721755803,0.1681500524,1.458957911,0.7859096527,0.9837578535,-2.965258121,3.648804188,3,3,1,5,,,0.2209177166,-1.859476447,3.782505274,2,2,1,4,5,
742,3,3.25,3.5,3.6,4.1,22824.03965,2,72,3,1.603567481,-0.7981285453,-0.7931804657,1.166516423,-0.1021042541,0.07751300186,-0.3111467659,0.6178581119,1,0.04971764609,-0.07178839296,0.1379993707,3.475055218,3,-0.01583435759,-0.4415076077,3.400620699,-3.031393766,3,4,5,2,,,-0.2703479826,-0.3882649541,-1.397873402,5.470183372,1,3,2,1,4,5,-0.05316753685,-0.2392389327,-0.3559356034,-0.01604691893,-0.2456889153,-2.646594286,3.333152533,3,1,3,5,,,-0.01390803512,-0.0156832356,-0.2401391417,-0.1208536103,-1.04858923,-0.6319773793,-0.7910740376,-2.965258121,3.648804188,2,4,3,1,5,,0.8324160576,-1.859476447,3.782505274,3,1,4,5,,
743,2.4,3.816666667,2.4,3.9,3.3,38900.54754,2,128,4,0.7071067691,-1.656551123,0.7249293327,-0.4417515099,0.433943063,-1.500933528,0.5965354443,-0.709672749,1,0.06310725212,-0.07178839296,0.1379993707,3.857996225,3,0.02223871835,0.6200796962,3.400620699,-3.031393766,3,4,5,2,,,0.2768068612,0.3975409865,-1.397873402,5.470183372,2,2,1,4,5,,-0.1395748705,0.1097568199,0.182877928,-0.1076860502,-1.648744464,-2.646594286,3.333152533,1,4,2,1,3,5,-0.1117867529,-0.109343648,-1.674255848,0.002173906658,0.01886195131,-0.1632717252,-0.2043744326,-2.965258121,3.648804188,3,3,1,5,,,0.1807429343,-1.859476447,3.782505274,2,2,1,4,5,
744,3.5,3.533333333,1.2,3.7,3.7,42621.74736,2,200,5,1.125991583,-0.08277645707,-0.03412557766,-2.196225643,0.07657819241,-0.7117102742,0.8066350222,-0.08936390281,1,-0.01197712775,-0.07178839296,0.1379993707,1.710593581,1,-0.008047125302,-0.2243770808,3.400620699,-3.031393766,3,4,5,2,,,0.5569238067,0.7998358011,-1.397873402,5.470183372,2,2,1,4,5,,-0.006107434165,1.12452054,1.749568701,0.04072169587,0.6234760284,-2.646594286,3.333152533,3,1,3,5,,,0.03517672792,0.04632722959,0.7093575001,0.09754665941,0.846365869,0.6124334335,0.7666099668,-2.965258121,3.648804188,3,3,1,5,,,0.1897243112,-1.859476447,3.782505274,2,2,1,4,5,
745,1.7,3.783333333,3.1,2.6,4.4,36906.07987,1,128,4,0.5345224738,-2.6580441,0.6356287599,0.5816916823,-1.888928652,0.6694304347,0.4839274883,-0.9652455449,0,0.04620873928,-0.07178839296,0.1379993707,3.374701023,3,0.05312278122,1.48121655,3.400620699,-3.031393766,4,5,2,,,,0.1203262657,0.1728086621,-1.397873402,5.470183372,2,2,1,4,5,,-0.2174551189,0.03187657893,0.06263884902,-0.01786634699,-0.2735455632,-2.646594286,3.333152533,2,2,1,3,5,,-0.02119295858,-0.01874985918,-0.2870948911,-0.1260079443,-1.093310952,-1.061294556,-1.328469276,-2.965258121,3.648804188,2,4,3,1,5,,0.1295966059,-1.859476447,3.782505274,2,2,1,4,5,
746,3.9,3.183333333,2.4,3.7,3.8,30212.52923,2,128,4,2.121320248,0.4895052314,-0.971781671,-0.4417515099,0.07657819241,-0.5144044757,0.1060085371,1.384576321,1,-0.002993907779,-0.07178839296,0.1379993707,1.967512369,1,-0.04050460085,-1.129385233,3.400620699,-3.031393766,2,1,4,5,2,,0.1245742813,0.1789095253,-1.397873402,5.470183372,2,2,1,4,5,,0.05058032647,0.2999120355,0.4764580131,0.0472034514,0.7227159739,-2.646594286,3.333152533,3,1,3,5,,,0.04647472501,0.04891782627,0.7490243912,-0.02538292482,-0.2202355415,0.1809674203,0.2265249193,-2.965258121,3.648804188,3,3,1,5,,,0.536056459,-1.859476447,3.782505274,3,1,4,5,,
747,3.7,3.9,3,3.1,4.4,9586.221617,2,12,1,0.7440237999,0.2033643872,0.9481807947,0.4354855418,-0.995516479,0.6694304347,-1.05855608,-0.6550039053,1,0.04299782589,-0.07178839296,0.1379993707,3.282869339,3,0.03466508165,0.9665625691,3.400620699,-3.031393766,4,5,2,,,,-0.7345197797,-1.054893374,-1.397873402,5.470183372,1,3,2,1,4,5,0.004352356307,-0.7238695025,-1.104155302,0.003650700673,0.05589464307,-2.646594286,3.333152533,3,1,3,5,,,0.01092742383,0.004096723627,0.06272917241,-0.0008342172368,-0.007238106336,-0.1691795588,-0.2117695361,-2.965258121,3.648804188,3,3,1,5,,,-0.2818015814,-1.859476447,3.782505274,2,2,1,4,5,
748,3.2,2.933333333,3.7,3.4,4.6,22299.81797,2,72,3,0.7559289336,-0.5119876862,-1.641535997,1.458928704,-0.4594691396,1.064042091,-0.340744406,-0.6373741031,1,0.03278914467,-0.07178839296,0.1379993707,2.990902662,2,-0.03406245634,-0.9497596025,3.400620699,-3.031393766,2,1,4,5,2,,-0.2579858601,-0.3705108762,-1.397873402,5.470183372,1,3,2,1,4,5,-0.0201462768,-0.2062176764,-0.3049541712,0.05347601697,0.8187531233,-2.646594286,3.333152533,3,1,3,5,,,0.0558183603,0.05404316261,0.8275029063,-0.1607005894,-1.394322395,-1.205085278,-1.508458495,-2.965258121,3.648804188,2,4,3,1,5,,-0.2399266511,-1.859476447,3.782505274,2,2,1,4,5,
750,3.4,3.616666667,3.4,3,3.4,28555.98328,2,128,4,0.3535533845,-0.2258468717,0.1891258657,1.020310163,-1.174198866,-1.303627729,0.0124796899,-1.233235002,1,0.04590793326,-0.07178839296,0.1379993707,3.366098166,3,-0.006228583399,-0.1736708879,3.400620699,-3.031393766,3,4,5,2,,,-0.01143097971,-0.01641679928,-1.397873402,5.470183372,2,2,1,4,5,,-0.02014180273,0.2291899025,0.3672703207,-0.02558457106,-0.3917166591,-2.646594286,3.333152533,2,2,1,3,5,,-0.02567035891,-0.02322725952,-0.3556523025,-0.1449396461,-1.257572293,-1.25148797,-1.566542745,-2.965258121,3.648804188,2,4,3,1,5,,0.7777011991,-1.859476447,3.782505274,3,1,4,5,,
751,3.6,3.616666667,3.3,3.8,3.7,50796.79371,2,200,5,0,0.06029396132,0.1891258657,0.874104023,0.2552606463,-0.7117102742,1.268199444,-1.756797314,1,0.05156456679,-0.07178839296,0.1379993707,3.527877092,3,-0.002549315337,-0.07108227164,3.400620699,-3.031393766,3,4,5,2,,,0.8876273632,1.274781466,-1.397873402,5.470183372,2,2,1,4,5,,0.002424139064,1.133052111,1.762740493,-0.04573636875,-0.7002539635,-2.646594286,3.333152533,2,2,1,3,5,,-0.05445422232,-0.04330372438,-0.6630606651,-0.04505059868,-0.3908825815,-0.7323612571,-0.9167289734,-2.965258121,3.648804188,2,4,3,1,5,,0.7199330926,-1.859476447,3.782505274,3,1,4,5,,
753,3,3.683333333,2.4,3.7,3.3,16076.97212,2,32,2,0.9161253572,-0.7981285453,0.3677270114,-0.4417515099,0.07657819241,-1.500933528,-0.6920872927,-0.4001459479,1,0.04044464231,-0.07178839296,0.1379993707,3.209848642,3,0.002755381865,0.07682800293,3.400620699,-3.031393766,3,4,5,2,,,-0.5505517125,-0.790684402,-1.397873402,5.470183372,1,3,2,1,4,5,-0.06747480482,-0.492159009,-0.7464181781,-0.06695202738,-1.025079727,-2.646594286,3.333152533,2,2,1,3,5,,-0.06219448149,-0.06641238183,-1.016897559,-0.01491525304,-0.1294125468,-0.1970959008,-0.2467136532,-2.965258121,3.648804188,3,3,1,5,,,-0.6207168102,-1.859476447,3.782505274,2,2,1,4,5,
754,1.6,4.466666667,4,2.7,4.9,10818.492,2,12,1,2.2320714,-2.801114321,2.466290712,1.897547245,-1.710246205,1.655959487,-0.9889819026,1.548583031,1,0.1379993707,-0.07178839296,0.1379993707,5.999899864,5,0.1219608486,3.400620699,3.400620699,-3.031393766,5,2,,,,,-0.9416089058,-1.352308035,-1.397873402,5.470183372,1,3,2,1,4,5,-0.2512995303,-0.9677956104,-1.48075211,-0.1193837076,-1.827843308,-2.646594286,3.333152533,1,4,2,1,3,5,-0.1125852466,-0.1194159538,-1.828481793,-0.072105214,-0.6256225705,-0.08207117021,-0.1027321145,-2.965258121,3.648804188,3,3,1,5,,,-1.645445347,-1.859476447,3.782505274,1,3,2,1,4,5
755,3.1,3.183333333,2.3,3.9,4.4,54824.07453,2,200,5,1.388730168,-0.6550581455,-0.971781671,-0.5879576802,0.433943063,0.6694304347,1.495580316,0.2997145951,1,0.01482449844,-0.07178839296,0.1379993707,2.477116346,2,-0.01627210714,-0.4537133276,3.400620699,-3.031393766,3,4,5,2,,,1.004231572,1.442244649,-1.397873402,5.470183372,3,1,4,5,,,-0.03968344629,1.090944529,1.69773078,0.04534412548,0.6942484975,-2.646594286,3.333152533,3,1,3,5,,,0.0350632146,0.04621371254,0.7076193094,0.0108106751,0.09379907697,0.1452779621,0.1818508357,-2.965258121,3.648804188,3,3,1,5,,,0.6839418411,-1.859476447,3.782505274,3,1,4,5,,
759,4.4,4.233333333,1,4.9,4.6,44799.08676,2,200,5,2.251983166,1.204857349,1.841186523,-2.488637924,2.220767498,1.064042091,0.9295679331,1.578069568,1,0.01529272273,-0.07178839296,0.1379993707,2.490507364,2,0.05676556006,1.582787752,3.400620699,-3.031393766,4,5,2,,,,0.7211659551,1.035714984,-1.397873402,5.470183372,2,2,1,4,5,,0.07232756168,1.202955604,1.870664358,-0.02908047661,-0.4452412724,-2.646594286,3.333152533,2,2,1,3,5,,-0.03547050804,-0.02432000823,-0.3723843396,0.3873223364,3.360611439,2.914975882,3.648804188,-2.965258121,3.648804188,5,5,,,,,0.6940614581,-1.859476447,3.782505274,3,1,4,5,,
760,3.9,4.05,2.9,4.5,4,16477.15592,2,32,2,1.581138849,0.4895052314,1.350033402,0.2892793417,1.506037712,-0.119792819,-0.6694928408,0.5846444964,1,0.06545747072,-0.07178839296,0.1379993707,3.925212145,3,0.03562444821,0.9933124781,3.400620699,-3.031393766,4,5,2,,,,-0.4453402162,-0.6395831108,-1.397873402,5.470183372,1,3,2,1,4,5,0.02196578309,-0.4027184248,-0.6083310843,-0.1112163514,-1.702795744,-2.646594286,3.333152533,1,4,2,1,3,5,-0.1066141278,-0.1108320281,-1.697045803,0.1299111247,1.127176881,0.9915437698,1.241159201,-2.965258121,3.648804188,4,1,5,,,,-0.4811991453,-1.859476447,3.782505274,2,2,1,4,5,
762,5,3.816666667,2.6,4.9,4,18788.37342,2,32,2,0.8864052892,2.063279867,0.7249293327,-0.1493391693,2.220767498,-0.119792819,-0.5390011072,-0.4441571534,1,0.02819474414,-0.07178839296,0.1379993707,2.859503508,2,0.000825530733,0.02301818319,3.400620699,-3.031393766,3,4,5,2,,,-0.2224403918,-0.3194616437,-1.397873402,5.470183372,1,3,2,1,4,5,0.1537823826,-0.270901829,-0.4048198462,-0.06111643091,-0.9357329011,-2.646594286,3.333152533,2,2,1,3,5,,-0.0574112311,-0.06162913144,-0.9436570406,0.1895439625,1.644582629,1.122397661,1.404954791,-2.965258121,3.648804188,4,1,5,,,,0.05162367597,-1.859476447,3.782505274,2,2,1,4,5,
763,3.7,3.316666667,2.3,3.8,3.7,48675.80239,2,200,5,1.407885909,0.2033643872,-0.61457932,-0.5879576802,0.2552606463,-0.7117102742,1.148447871,0.3280815184,1,0.006463233847,-0.07178839296,0.1379993707,2.237985373,2,-0.02880978025,-0.8032998443,3.400620699,-3.031393766,2,1,4,5,2,,0.8252287507,1.185166597,-1.397873402,5.470183372,2,2,1,4,5,,0.02361214533,1.154240131,1.795452595,0.02540283464,0.3889341652,-2.646594286,3.333152533,3,1,3,5,,,0.01750817709,0.02865867689,0.4388187826,-0.003024056787,-0.02623830177,0.06234165281,0.07803580165,-2.965258121,3.648804188,3,3,1,5,,,0.4331639707,-1.859476447,3.782505274,3,1,4,5,,
764,3.8,3.433333333,2.8,4,3.5,27483.31599,2,72,3,0.7559289336,0.3464348018,-0.3020273149,0.1430731863,0.6126255393,-1.106321931,-0.04808327928,-0.6373741031,1,0.02737514675,-0.07178839296,0.1379993707,2.836063147,2,-0.02487811074,-0.6936735511,3.400620699,-3.031393766,2,1,4,5,2,,-0.002518970752,-0.003617662005,-1.397873402,5.470183372,2,2,1,4,5,,0.03104315884,-0.1550282389,-0.2259229422,-0.03261591494,-0.499371171,-2.646594286,3.333152533,2,2,1,3,5,,-0.03228538111,-0.03406058252,-0.521530807,-0.01838942058,-0.1595562398,-0.2790107131,-0.3492500484,-2.965258121,3.648804188,2,4,3,1,5,,0.1922962666,-1.859476447,3.782505274,2,2,1,4,5,
765,4.5,3.95,2.2,4.5,4.5,12899.51623,1,12,1,0.3535533845,1.34792769,1.082131624,-0.7341638803,1.506037712,0.8667362928,-0.8714869618,-1.233235002,0,-0.002146549989,-0.07178839296,0.1379993707,1.991746783,1,0.02972202562,0.828735888,3.400620699,-3.031393766,4,5,2,,,,-0.5153326392,-0.7401039004,-1.397873402,5.470183372,1,3,2,1,4,5,0.0929652825,-0.6342219114,-0.9657486677,-0.03059452586,-0.4684223831,-2.646594286,3.333152533,2,2,1,3,5,,-0.02460375242,-0.03143445402,-0.4813198745,0.2183820456,1.894796968,1.112788916,1.392927051,-2.965258121,3.648804188,4,1,5,,,,-0.930095315,-1.859476447,3.782505274,1,3,2,1,4,5
766,4.3,3.433333333,1.5,4,4.5,37777.56148,2,128,4,0.4629100561,1.06178689,-0.3020273149,-1.757607102,0.6126255393,0.8667362928,0.5331314802,-1.071293354,1,-0.02077234723,-0.07178839296,0.1379993707,1.459051609,1,-0.0102702789,-0.2863650322,3.400620699,-3.031393766,3,4,5,2,,,0.4595837891,0.6600392461,-1.397873402,5.470183372,2,2,1,4,5,,0.08745801449,0.3367897272,0.533393383,0.08495313674,1.300688624,-2.646594286,3.333152533,4,3,5,,,,0.08128828555,0.08373139054,1.282085419,0.1564272344,1.357244611,0.7501101494,0.9389460087,-2.965258121,3.648804188,3,3,1,5,,,0.8780199885,-1.859476447,3.782505274,3,1,4,5,,
767,4,3.15,3.7,3.9,4.1,33433.06746,2,128,4,1.035098314,0.6325756311,-1.061082244,1.458928704,0.433943063,0.07751300186,0.2878406346,-0.2239639014,1,0.03369298205,-0.07178839296,0.1379993707,3.016752243,3,-0.03818075731,-1.064589739,3.400620699,-3.031393766,2,1,4,5,2,,0.263876617,0.3789709806,-1.397873402,5.470183372,2,2,1,4,5,,0.06296385825,0.3122955561,0.4955768883,0.007909417152,0.1210983992,-2.646594286,3.333152533,3,1,3,5,,,0.005930744112,0.008373844437,0.1282199174,-0.09450180829,-0.8199471831,-0.6709513664,-0.8398594856,-2.965258121,3.648804188,2,4,3,1,5,,0.324605763,-1.859476447,3.782505274,2,2,1,4,5,
768,3.1,3.583333333,2,4.4,4.3,24178.94699,2,72,3,1.407885909,-0.6550581455,0.09982528538,-1.026576161,1.327355266,0.4721246362,-0.234648481,0.3280815184,1,0.03332164139,-0.07178839296,0.1379993707,3.006131887,3,0.01470309962,0.4099648595,3.400620699,-3.031393766,3,4,5,2,,,-0.2166748047,-0.311181277,-1.397873402,5.470183372,1,3,2,1,4,5,-0.05289015919,-0.2389615625,-0.3555073738,-0.0353146866,-0.5406911373,-2.646594286,3.333152533,2,2,1,3,5,,-0.0337016657,-0.03547686711,-0.5432168245,0.1243358701,1.078803062,0.8911226988,1.115457654,-2.965258121,3.648804188,4,1,5,,,,0.2467011809,-1.859476447,3.782505274,2,2,1,4,5,
769,3.6,3.833333333,3.4,3.6,4.4,24118.23662,2,72,3,1.414213538,0.06029396132,0.769579649,1.020310163,-0.1021042541,0.6694304347,-0.2380761951,0.3374518454,1,0.0615183264,-0.07178839296,0.1379993707,3.812553167,3,0.03054806776,0.8517683148,3.400620699,-3.031393766,4,5,2,,,,-0.1709066778,-0.2454505861,-1.397873402,5.470183372,1,3,2,1,4,5,-0.004729496781,-0.1908008903,-0.2811522484,-0.03606756777,-0.5522182584,-2.646594286,3.333152533,2,2,1,3,5,,-0.03443098441,-0.03620618582,-0.5543840528,-0.001040400588,-0.009027061053,0.07759266347,0.09712616354,-2.965258121,3.648804188,3,3,1,5,,,-0.0800998807,-1.859476447,3.782505274,2,2,1,4,5,
770,3.8,3.183333333,3.8,3.7,4.9,29142.92907,2,128,4,1.164964795,0.3464348018,-0.971781671,1.605134964,0.07657819241,1.655959487,0.0456187427,-0.03165011108,1,0.03928723186,-0.07178839296,0.1379993707,3.176747084,3,-0.01529592462,-0.4264945388,3.400620699,-3.031393766,3,4,5,2,,,0.07113923877,0.1021678522,-1.397873402,5.470183372,2,2,1,4,5,,0.03929735348,0.288629055,0.4590382576,0.04254487157,0.6513900757,-2.646594286,3.333152533,3,1,3,5,,,0.04223127663,0.04467437789,0.6840492487,-0.07477170229,-0.6487584114,-0.4944813251,-0.6189641356,-2.965258121,3.648804188,2,4,3,1,5,,-0.1206396818,-1.859476447,3.782505274,2,2,1,4,5,
771,4.2,4.116666667,2.4,4.1,3.6,61680.21565,2,200,5,0.7071067691,0.9187164903,1.528634548,-0.4417515099,0.7913079858,-0.9090160728,1.882679224,-0.709672749,1,0.04131828621,-0.07178839296,0.1379993707,3.234834909,3,0.02827367932,0.7883518338,3.400620699,-3.031393766,3,4,5,2,,,1.367723703,1.964280128,-1.397873402,5.470183372,3,1,4,5,,,0.05361357704,1.184241533,1.841771722,-0.06262599677,-0.9588453174,-2.646594286,3.333152533,2,2,1,3,5,,-0.07556790859,-0.06441740692,-0.9863507748,0.129328534,1.122122049,0.6641733646,0.8313751221,-2.965258121,3.648804188,3,3,1,5,,,1.508473277,-1.859476447,3.782505274,3,1,4,5,,
772,3.9,3.766666667,2.4,4,4.3,25000.94825,2,72,3,1.922609806,0.4895052314,0.5909784436,-0.4417515099,0.6126255393,0.4721246362,-0.1882381588,1.090314388,1,0.02959902957,-0.07178839296,0.1379993707,2.899665833,2,0.01864253357,0.5198076367,3.400620699,-3.031393766,3,4,5,2,,,-0.1000696942,-0.143716827,-1.397873402,5.470183372,1,3,2,1,4,5,0.03132053837,-0.1547508687,-0.2254947126,-0.01220186427,-0.1868185848,-2.646594286,3.333152533,3,1,3,5,,,-0.01090787817,-0.01268307772,-0.1942010969,0.1062453538,0.9218403101,0.9639588594,1.206629872,-2.965258121,3.648804188,4,1,5,,,,-0.332870394,-1.859476447,3.782505274,2,2,1,4,5,
773,4.2,3.316666667,2.2,3.8,4,17602.9522,2,32,2,1.603567481,0.9187164903,-0.61457932,-0.7341638803,0.2552606463,-0.119792819,-0.6059302092,0.6178581119,1,-0.007314111572,-0.07178839296,0.1379993707,1.843955159,1,-0.02934900112,-0.8183348775,3.400620699,-3.031393766,2,1,4,5,2,,-0.3429122865,-0.4924794436,-1.397873402,5.470183372,1,3,2,1,4,5,0.08002699912,-0.3446572125,-0.5186905861,0.04964079708,0.7600333691,-2.646594286,3.333152533,3,1,3,5,,,0.05380608141,0.04958818108,0.7592887878,0.0369328931,0.3204491138,0.3948013783,0.4941903353,-2.965258121,3.648804188,3,3,1,5,,,-0.6820613742,-1.859476447,3.782505274,2,2,1,4,5,
775,3.1,3.9,3.5,3.3,4.1,19263.57161,2,32,2,1.195228577,-0.6550581455,0.9481807947,1.166516423,-0.6381515861,0.07751300186,-0.5121713877,0.01316624507,1,0.07363604009,-0.07178839296,0.1379993707,4.159118176,4,0.0366104655,1.020805478,3.400620699,-3.031393766,4,5,2,,,,-0.4208410978,-0.6043982506,-1.397873402,5.470183372,1,3,2,1,4,5,-0.06334546953,-0.4880296588,-0.7400428653,-0.06093752384,-0.93299371,-2.646594286,3.333152533,2,2,1,3,5,,-0.05741675571,-0.06163465604,-0.9437416792,-0.05799794942,-0.5032205582,-0.3741238713,-0.4683073759,-2.965258121,3.648804188,2,4,3,1,5,,-1.033902287,-1.859476447,3.782505274,1,3,2,1,4,5
776,3.9,3.433333333,2.4,3.3,3.4,37260.97209,1,128,4,1.457737923,0.4895052314,-0.3020273149,-0.4417515099,-0.6381515861,-1.303627729,0.5039647818,0.4019052684,0,-0.02723952197,-0.07178839296,0.1379993707,1.274091363,1,-0.02844813839,-0.7932162285,3.400620699,-3.031393766,2,1,4,5,2,,0.3940935433,0.5659843087,-1.397873402,5.470183372,2,2,1,4,5,,0.04232612997,0.2916578352,0.4637143612,0.03226613253,0.4940157831,-2.646594286,3.333152533,3,1,3,5,,,0.02880178019,0.03124488145,0.4784184396,-0.04995211214,-0.4334106743,-0.2245816886,-0.28111884,-2.965258121,3.648804188,3,3,1,5,,,0.0987727195,-1.859476447,3.782505274,2,2,1,4,5,
777,4.1,3.533333333,2.3,3.5,4.1,25152.09127,2,72,3,2.138089895,0.7756460309,-0.03412557766,-0.5879576802,-0.2807866931,0.07751300186,-0.1797046065,1.409409761,1,0.003211523872,-0.07178839296,0.1379993707,2.144986868,2,-0.007828643546,-0.2182851881,3.400620699,-3.031393766,3,4,5,2,,,-0.06384342164,-0.09168983996,-1.397873402,5.470183372,1,3,2,1,4,5,0.06159039214,-0.1244810075,-0.1787611693,0.04756982625,0.7283254266,-2.646594286,3.333152533,3,1,3,5,,,0.04880515113,0.04702994972,0.7201174498,0.03468421102,0.3009383678,0.5780562162,0.7235785127,-2.965258121,3.648804188,3,3,1,5,,,-0.04897051677,-1.859476447,3.782505274,2,2,1,4,5,
778,3.1,3.516666667,2.3,2.8,4.4,48539.63663,1,200,5,1.767766953,-0.6550581455,-0.07877586782,-0.5879576802,-1.531563759,0.6694304347,1.140759945,0.8610141873,0,-0.01673062332,-0.07178839296,0.1379993707,1.574644327,1,0.01134378556,0.3162975013,3.400620699,-3.031393766,3,4,5,2,,,0.7455614209,1.070750952,-1.397873402,5.470183372,2,2,1,4,5,,-0.05068904161,1.079939008,1.680739403,0.08249218017,1.263009787,-2.646594286,3.333152533,4,3,5,,,,0.07465036958,0.08580087125,1.313773036,-0.03980537131,-0.3453722298,-0.04377562553,-0.05479588732,-2.965258121,3.648804188,3,3,1,5,,,0.4655259848,-1.859476447,3.782505274,3,1,4,5,,
779,4.3,2.633333333,2.4,4.3,4.5,16997.83941,2,32,2,0.8345229626,1.06178689,-2.445241213,-0.4417515099,1.148672819,0.8667362928,-0.6400949955,-0.5209875107,1,-0.02823421732,-0.07178839296,0.1379993707,1.245643139,1,-0.07654841989,-2.134391069,3.400620699,-3.031393766,1,3,1,4,5,2,-0.3329148591,-0.4781214595,-1.397873402,5.470183372,1,3,2,1,4,5,0.1138714403,-0.3108127713,-0.4664382339,0.1062660888,1.627003908,-2.646594286,3.333152533,4,3,5,,,,0.1106662229,0.1064483225,1.629924297,0.005972974002,0.05182464793,-0.09137839079,-0.1143823713,-2.965258121,3.648804188,3,3,1,5,,,-0.7657463551,-1.859476447,3.782505274,1,3,2,1,4,5
780,4,3.766666667,2.6,3.3,4.6,96573.49809,2,200,5,0.8345229626,0.6325756311,0.5909784436,-0.1493391693,-0.6381515861,1.064042091,3.8527596,-0.5209875107,1,0.02186943591,-0.07178839296,0.1379993707,2.67860055,2,0.02372796647,0.6616042256,3.400620699,-3.031393766,3,4,5,2,,,2.731829643,3.923364639,-1.397873402,5.470183372,4,4,5,,,,0.04260350764,1.173231483,1.824773312,0.07309597731,1.119147658,-2.646594286,3.333152533,4,3,5,,,,0.04661135003,0.05776184797,0.8844429851,0.05064642802,0.4394349158,0.1993293166,0.2495093048,-2.965258121,3.648804188,3,3,1,5,,,3.053917408,-1.859476447,3.782505274,5,5,,,,
781,4.3,3.866666667,3.1,4.5,4.9,15522.03253,2,32,2,0.7440237999,1.06178689,0.8588802218,0.5816916823,1.506037712,1.655959487,-0.7234192491,-0.6550039053,1,0.05373051763,-0.07178839296,0.1379993707,3.589822769,3,0.03428583965,0.9559882283,3.400620699,-3.031393766,4,5,2,,,,-0.4317958951,-0.6201311946,-1.397873402,5.470183372,1,3,2,1,4,5,0.07315073907,-0.3515334427,-0.5293067694,-0.04305625334,-0.6592196226,-2.646594286,3.333152533,2,2,1,3,5,,-0.03808332607,-0.04230122641,-0.6477105618,0.1538745612,1.33509624,0.8375712037,1.04842484,-2.965258121,3.648804188,4,1,5,,,,-0.4396468103,-1.859476447,3.782505274,2,2,1,4,5,
784,4,3.666666667,2.7,3.9,4.3,64229.43722,2,200,5,5.126959324,0.6325756311,0.323076725,-0.003132989397,0.433943063,0.4721246362,2.026608706,5.835500717,1,0.02963920496,-0.07178839296,0.1379993707,2.900814772,2,0.008951604366,0.2495965809,3.400620699,-3.031393766,3,4,5,2,,,1.460478067,2.097491026,-1.397873402,5.470183372,3,1,4,5,,,0.045905184,1.176533222,1.82987082,0.01271943096,0.1947428882,-2.646594286,3.333152533,3,1,3,5,,,-0.001211877097,0.009938622825,0.1521796137,0.06382172555,0.5537506938,1.874188185,2.346004248,-2.965258121,3.648804188,5,5,,,,,2.272431135,-1.859476447,3.782505274,4,4,5,,,
786,3.8,2.833333333,1.8,3.7,3.5,13922.81158,2,12,1,0,0.3464348018,-1.909437656,-1.318988562,0.07657819241,-1.106321931,-0.813711524,-1.756797314,1,-0.03465274349,-0.07178839296,0.1379993707,1.062074304,1,-0.07458671182,-2.079692841,3.400620699,-3.031393766,1,3,1,4,5,2,-0.5171174407,-0.7426671982,-1.397873402,5.470183372,1,3,2,1,4,5,0.05085322633,-0.6994407177,-1.066439748,0.08173291385,1.251384854,-2.646594286,3.333152533,4,3,5,,,,0.08732652664,0.0804958269,1.232542872,-0.04465352371,-0.3874373436,-0.7297773361,-0.9134945273,-2.965258121,3.648804188,2,4,3,1,5,,-0.8075145483,-1.859476447,3.782505274,1,3,2,1,4,5
787,3.5,3.833333333,2.9,2.8,3.9,36052.73741,2,128,4,1.457737923,-0.08277645707,0.769579649,0.2892793417,-1.531563759,-0.3170986474,0.4357476234,0.4019052684,1,0.03649398685,-0.07178839296,0.1379993707,3.096860647,3,0.02113490738,0.5893022418,3.400620699,-3.031393766,3,4,5,2,,,0.2881393731,0.4138163626,-1.397873402,5.470183372,2,2,1,4,5,,-0.01601246744,0.2333192378,0.3736455739,0.01397980005,0.2140399665,-2.646594286,3.333152533,3,1,3,5,,,0.01098438539,0.01342748571,0.2056006491,-0.06237433851,-0.5411924124,-0.3054179847,-0.3823051751,-2.965258121,3.648804188,2,4,3,1,5,,0.7018321753,-1.859476447,3.782505274,3,1,4,5,,
789,4.2,3.483333333,2.6,3.6,4.3,28365.28714,1,128,4,0.9161253572,0.9187164903,-0.1680764407,-0.1493391693,-0.1021042541,0.4721246362,0.001712954603,-0.4001459479,0,-0.0208472982,-0.07178839296,0.1379993707,1.456907988,1,-0.009049461223,-0.2523251176,3.400620699,-3.031393766,3,4,5,2,,,0.07571984828,0.1087463796,-1.397873402,5.470183372,2,2,1,4,5,,0.0745242089,0.3238559067,0.5134248734,0.04918966815,0.7531262636,-2.646594286,3.333152533,3,1,3,5,,,0.04917789251,0.05162099004,0.7904149294,0.02761787735,0.2396271676,0.07968388498,0.09974383563,-2.965258121,3.648804188,3,3,1,5,,,-0.1800448745,-1.859476447,3.782505274,2,2,1,4,5,
791,3.1,3.75,2.5,3.7,4.3,20238.30956,2,32,2,1.281739831,-0.6550581455,0.546328187,-0.2955453396,0.07657819241,0.4721246362,-0.4571374953,0.1412771195,1,0.0442988351,-0.07178839296,0.1379993707,3.320078135,3,0.0285110455,0.794970274,3.400620699,-3.031393766,3,4,5,2,,,-0.3774749339,-0.5421171784,-1.397873402,5.470183372,1,3,2,1,4,5,-0.05839295685,-0.4830771685,-0.7323967218,-0.02549539693,-0.3903513551,-2.646594286,3.333152533,2,2,1,3,5,,-0.0223529432,-0.02657084353,-0.4068488479,0.04681650549,0.4062045217,0.3399726748,0.4255588055,-2.965258121,3.648804188,3,3,1,5,,,-0.6613429189,-1.859476447,3.782505274,2,2,1,4,5,
792,1.6,3.566666667,2,2.1,4.1,21966.28102,2,72,3,1.388730168,-2.801114321,0.05517499894,-1.026576161,-2.782341003,0.07751300186,-0.3595759571,0.2997145951,1,0.0282205008,-0.07178839296,0.1379993707,2.860239983,2,0.03008702025,0.8389130235,3.400620699,-3.031393766,4,5,2,,,,-0.4725684524,-0.6786873937,-1.397873402,5.470183372,1,3,2,1,4,5,-0.2215844393,-0.4076558352,-0.6159539223,0.0556278713,0.8516994119,-2.646594286,3.333152533,3,1,3,5,,,0.05809966847,0.05632446706,0.86243397,-0.1313667595,-1.139806747,-0.7799264193,-0.9762683511,-2.965258121,3.648804188,2,4,3,1,5,,-0.4577408135,-1.859476447,3.782505274,2,2,1,4,5,
793,3.9,3.45,2.7,4.8,4.7,23112.67631,2,72,3,2.669269562,0.4895052314,-0.2573770285,-0.003132989397,2.042085171,1.26134789,-0.2948502898,2.196011305,1,0.03600757197,-0.07178839296,0.1379993707,3.082949162,3,0.001062896918,0.02963663824,3.400620699,-3.031393766,3,4,5,2,,,-0.1640296578,-0.2355740368,-1.397873402,5.470183372,1,3,2,1,4,5,0.04177585244,-0.1442955434,-0.2093527764,-0.02645325661,-0.4050168097,-2.646594286,3.333152533,2,2,1,3,5,,-0.0244263988,-0.02620159835,-0.4011950195,0.1328221262,1.152434349,1.413328648,1.769125938,-2.965258121,3.648804188,4,1,5,,,,-0.7578126788,-1.859476447,3.782505274,1,3,2,1,4,5
795,5,2.5,4.1,2.6,4.8,18913.97064,2,32,2,1.690308452,2.063279867,-2.802443504,2.043753386,-1.888928652,1.458653688,-0.531909883,0.7463091612,1,-0.02854981646,-0.07178839296,0.1379993707,1.236617088,1,-0.09094632417,-2.535845995,3.400620699,-3.031393766,1,3,1,4,5,2,-0.1740186214,-0.2499198616,-1.397873402,5.470183372,1,3,2,1,4,5,0.1972544789,-0.2274297178,-0.337703377,0.2123885006,3.251808167,-2.646594286,3.333152533,5,5,,,,,0.2160449475,0.2118270546,3.24347043,-0.2534376979,-2.198958158,-1.462641358,-1.830852866,-2.965258121,3.648804188,1,2,4,3,1,5,-0.1595002562,-1.859476447,3.782505274,2,2,1,4,5,
797,3,3.783333333,3.3,3.9,4.9,38111.56779,2,128,4,1.832250714,-0.7981285453,0.6356287599,0.874104023,0.433943063,1.655959487,0.5519895554,0.9565054774,1,0.0742027387,-0.07178839296,0.1379993707,4.175325394,4,0.04566198587,1.273187995,3.400620699,-3.031393766,4,5,2,,,,0.314512223,0.4516921937,-1.397873402,5.470183372,2,2,1,4,5,,-0.07077648491,0.1785552204,0.2890955806,-0.04085570946,-0.6255278587,-2.646594286,3.333152533,2,2,1,3,5,,-0.04465019703,-0.04220709577,-0.6462692618,0.03726641461,0.3233429193,0.481633544,0.602881968,-2.965258121,3.648804188,3,3,1,5,,,-0.2412167341,-1.859476447,3.782505274,2,2,1,4,5,
799,2.9,4.166666667,2.5,4.2,3.5,33599.42912,1,128,4,0.9258201122,-0.941198945,1.662585378,-0.2955453396,0.9699904323,-1.106321931,0.2972334623,-0.3857893944,0,0.04684694111,-0.07178839296,0.1379993707,3.392953634,3,0.0485323146,1.353221059,3.400620699,-3.031393766,4,5,2,,,,0.1127530709,0.1619322896,-1.397873402,5.470183372,2,2,1,4,5,,-0.09471588582,0.1546158195,0.2521356046,-0.1420951635,-2.175570726,-2.646594286,3.333152533,1,4,2,1,3,5,-0.1441383958,-0.1416953057,-2.169620514,0.09255414456,0.8030481935,0.5058388114,0.6331807971,-2.965258121,3.648804188,3,3,1,5,,,-0.1961277872,-1.859476447,3.782505274,2,2,1,4,5,
800,2.4,3.866666667,3.2,3.1,4.2,56410.91629,2,200,5,1.125991583,-1.656551123,0.8588802218,0.7278978825,-0.995516479,0.2748188078,1.585173726,-0.08936390281,1,0.07551409304,-0.07178839296,0.1379993707,4.212830067,4,0.04585588351,1.278594375,3.400620699,-3.031393766,4,5,2,,,,0.9652255177,1.386225343,-1.397873402,5.470183372,3,1,4,5,,,-0.1412257105,0.9894022942,1.540959954,-0.03974338248,-0.6084974408,-2.646594286,3.333152533,2,2,1,3,5,,-0.05064018071,-0.03948967904,-0.604660511,-0.07084140927,-0.6146571636,-0.4833338559,-0.6050103307,-2.965258121,3.648804188,2,4,3,1,5,,1.432883978,-1.859476447,3.782505274,3,1,4,5,,
801,2.6,4.066666667,3.5,3.8,4.4,65825.68334,2,200,5,1.505940676,-1.370410204,1.394683719,1.166516423,0.2552606463,0.6694304347,2.116732836,0.4732866883,1,0.1005346179,-0.07178839296,0.1379993707,4.928413391,4,0.06394082308,1.782854795,3.400620699,-3.031393766,4,5,2,,,,1.352216363,1.942008972,-1.397873402,5.470183372,3,1,4,5,,,-0.1252631247,1.005364895,1.565604568,-0.09840774536,-1.506687522,-2.646594286,3.333152533,1,4,2,1,3,5,-0.1129585803,-0.1018080786,-1.558872223,0.009580907412,0.08312896639,0.1806683987,0.226150617,-2.965258121,3.648804188,3,3,1,5,,,1.30238533,-1.859476447,3.782505274,3,1,4,5,,
802,3.2,3.65,2.8,3.2,4.2,71323.67475,2,200,5,1.457737923,-0.5119876862,0.2784264386,0.1430731863,-0.8168340325,0.2748188078,2.427150488,0.4019052684,1,0.03789597005,-0.07178839296,0.1379993707,3.136957169,3,0.01665624976,0.4644243419,3.400620699,-3.031393766,3,4,5,2,,,1.650342703,2.370168447,-1.397873402,5.470183372,3,1,4,5,,,-0.04380830377,1.086819649,1.691362381,0.02632527798,0.4030573964,-2.646594286,3.333152533,3,1,3,5,,,0.009640567936,0.02079106867,0.3183509409,-0.03577987105,-0.3104448915,-0.1323573589,-0.1656775624,-2.965258121,3.648804188,3,3,1,5,,,1.315531135,-1.859476447,3.782505274,3,1,4,5,,
803,4.1,3.65,2,3.5,4.1,79910.17061,2,200,5,1.597989798,0.7756460309,0.2784264386,-1.026576161,-0.2807866931,0.07751300186,2.911945343,0.6095983386,1,0.0001711193472,-0.07178839296,0.1379993707,2.058031797,2,0.001836917712,0.051218573,3.400620699,-3.031393766,3,4,5,2,,,2.090276241,3.001986504,-1.397873402,5.470183372,4,4,5,,,,0.05773843452,1.188366413,1.848140121,0.06785190105,1.038857341,-2.646594286,3.333152533,4,3,5,,,,0.04783461243,0.0589851141,0.9031734467,0.07365575433,0.6390758753,0.6317064762,0.7907348871,-2.965258121,3.648804188,3,3,1,5,,,2.008448601,-1.859476447,3.782505274,4,4,5,,,
805,2.8,3.066666667,2.9,3.8,3.3,47788.3963,2,200,5,1.069044948,-1.084269404,-1.284333706,0.2892793417,0.2552606463,-1.500933528,1.098344803,-0.1736937761,1,0.03139457852,-0.07178839296,0.1379993707,2.951018095,2,-0.04552169144,-1.269276142,3.400620699,-3.031393766,2,1,4,5,2,,0.6969642639,1.00095737,-1.397873402,5.470183372,2,2,1,4,5,,-0.06968040019,1.060947537,1.651418447,-0.02337927744,-0.3579521477,-2.646594286,3.333152533,2,2,1,3,5,,-0.03092951514,-0.01977901533,-0.3028532267,-0.1328330785,-1.152529359,-0.9078204632,-1.136358976,-2.965258121,3.648804188,2,4,3,1,5,,1.054960012,-1.859476447,3.782505274,3,1,4,5,,
806,4.2,3.15,2.1,3.3,4.3,15993.59248,2,32,2,1.060660124,0.9187164903,-1.061082244,-0.8803700209,-0.6381515861,0.4721246362,-0.6967949271,-0.1861104965,1,-0.02616370656,-0.07178839296,0.1379993707,1.304859519,1,-0.03666535392,-1.022335887,3.400620699,-3.031393766,2,1,4,5,2,,-0.4008330703,-0.5756633878,-1.397873402,5.470183372,1,3,2,1,4,5,0.08552979678,-0.3391543925,-0.5101947784,0.1177680045,1.803105831,-2.646594286,3.333152533,4,3,5,,,,0.1225579083,0.118340008,1.812008381,-0.002804076299,-0.02432963438,-0.06477484852,-0.08108153939,-2.965258121,3.648804188,3,3,1,5,,,-0.6059010625,-1.859476447,3.782505274,2,2,1,4,5,
807,3,3.366666667,2.9,3.4,3.9,25745.17615,2,72,3,1.164964795,-0.7981285453,-0.4806284606,0.2892793417,-0.4594691396,-0.3170986474,-0.1462189406,-0.03165011108,1,0.03486318514,-0.07178839296,0.1379993707,3.050219774,3,-0.01049652603,-0.2926734388,3.400620699,-3.031393766,3,4,5,2,,,-0.1590803117,-0.2284659445,-1.397873402,5.470183372,1,3,2,1,4,5,-0.05701949447,-0.2430908978,-0.361882627,-0.0006129890098,-0.009385260753,-2.646594286,3.333152533,3,1,3,5,,,0.0003921487951,-0.00138305116,-0.02117647044,-0.08705740422,-0.7553555965,-0.574429214,-0.7190384269,-2.965258121,3.648804188,2,4,3,1,5,,-1.320764542,-1.859476447,3.782505274,1,3,2,1,4,5
808,4.1,3.316666667,2.3,3.4,3.5,13492.43662,2,12,1,1.505940676,0.7756460309,-0.61457932,-0.5879576802,-0.4594691396,-1.106321931,-0.8380105495,0.4732866883,1,-0.008710337803,-0.07178839296,0.1379993707,1.804023385,1,-0.03876216337,-1.08080101,3.400620699,-3.031393766,2,1,4,5,2,,-0.5161873102,-0.7413313985,-1.397873402,5.470183372,1,3,2,1,4,5,0.06874402612,-0.6715484858,-1.023377061,0.04421539605,0.6769669056,-2.646594286,3.333152533,3,1,3,5,,,0.0499760434,0.04314534366,0.6606368423,-0.03719361499,-0.3227112889,-0.1237117946,-0.1548555195,-2.965258121,3.648804188,3,3,1,5,,,-0.9631063342,-1.859476447,3.782505274,1,3,2,1,4,5
809,4.1,3.466666667,2.2,2.8,3.4,17060.12257,2,32,2,1.772810578,0.7756460309,-0.2127267271,-0.7341638803,-1.531563759,-1.303627729,-0.6365784407,0.8684830666,1,-0.01410061959,-0.07178839296,0.1379993707,1.649862051,1,-0.02849887498,-0.7946308851,3.400620699,-3.031393766,2,1,4,5,2,,-0.3805402517,-0.5465195179,-1.397873402,5.470183372,1,3,2,1,4,5,0.06379151344,-0.3608926833,-0.543756485,0.06953083724,1.064563036,-2.646594286,3.333152533,4,3,5,,,,0.07390680164,0.06968890131,1.067068577,-0.06691996753,-0.5806326866,-0.2183537483,-0.2733230293,-2.965258121,3.648804188,3,3,1,5,,,0.1688436568,-1.859476447,3.782505274,2,2,1,4,5,
810,1.8,3.016666667,2,3.2,3.4,62716.25952,2,200,5,0.7071067691,-2.51497364,-1.418284535,-1.026576161,-0.8168340325,-1.303627729,1.941174388,-0.709672749,1,0.01539925952,-0.07178839296,0.1379993707,2.493554354,2,-0.03343857825,-0.9323641062,3.400620699,-3.031393766,2,1,4,5,2,,1.174080491,1.686176062,-1.397873402,5.470183372,3,1,4,5,,,-0.1808592826,0.9497687221,1.479769826,0.02903121524,0.4444870651,-2.646594286,3.333152533,3,1,3,5,,,0.01568720117,0.02683770098,0.4109362364,-0.1439231187,-1.248752356,-1.113982439,-1.394420981,-2.965258121,3.648804188,2,4,3,1,5,,1.693927765,-1.859476447,3.782505274,4,4,5,,,
811,4.3,2.666666667,2.9,4,4.6,15041.19009,2,32,2,1,1.06178689,-2.35594058,0.2892793417,0.6126255393,1.064042091,-0.7505677342,-0.2759395242,1,-0.01715927757,-0.07178839296,0.1379993707,1.562384844,1,-0.07162296027,-1.997054935,3.400620699,-3.031393766,1,3,1,4,5,2,-0.4111253917,-0.5904448628,-1.397873402,5.470183372,1,3,2,1,4,5,0.1127708778,-0.3119133115,-0.4681373537,0.1083938703,1.659581661,-2.646594286,3.333152533,4,3,5,,,,0.1135534197,0.1093355194,1.674132705,-0.04895284772,-0.4247405231,-0.3875402808,-0.4851012826,-2.965258121,3.648804188,2,4,3,1,5,,-1.246768117,-1.859476447,3.782505274,1,3,2,1,4,5
812,3.6,3.716666667,2.3,3.8,4,23226.81346,2,72,3,1.959409475,0.06029396132,0.4570276141,-0.5879576802,0.2552606463,-0.119792819,-0.2884061038,1.144809484,1,0.02768174745,-0.07178839296,0.1379993707,2.844831705,2,0.0122270463,0.3409253657,3.400620699,-3.031393766,3,4,5,2,,,-0.2021850049,-0.2903715074,-1.397873402,5.470183372,1,3,2,1,4,5,-0.0008775391616,-0.1869489402,-0.2752052248,-0.01566595212,-0.2398560643,-2.646594286,3.333152533,3,1,3,5,,,-0.01368339267,-0.01545859221,-0.2366994321,0.06412374228,0.5563711524,0.7034807205,0.8805779219,-2.965258121,3.648804188,3,3,1,5,,,-0.09057186544,-1.859476447,3.782505274,2,2,1,4,5,
813,3.7,3.25,3,3.6,4.1,55437.56933,1,200,5,1.164964795,0.2033643872,-0.7931804657,0.4354855418,-0.1021042541,0.07751300186,1.530218363,-0.03165011108,0,-0.009581679478,-0.07178839296,0.1379993707,1.779103041,1,-0.02567749843,-0.7159627676,3.400620699,-3.031393766,2,1,4,5,2,,1.093905687,1.57103169,-1.397873402,5.470183372,3,1,4,5,,,0.02581326291,1.156441212,1.798850894,0.0411520265,0.6300646663,-2.646594286,3.333152533,3,1,3,5,,,0.03063300438,0.04178350419,0.6397845149,-0.06090660766,-0.5284576416,-0.4042557478,-0.5060247779,-2.965258121,3.648804188,2,4,3,1,5,,1.055666566,-1.859476447,3.782505274,3,1,4,5,,
814,3,3.15,3.2,3.5,3.4,23514.97477,1,72,3,0.6408699155,-0.7981285453,-1.061082244,0.7278978825,-0.2807866931,-1.303627729,-0.2721364498,-0.8077601194,0,0.005055379588,-0.07178839296,0.1379993707,2.197721004,2,-0.03926618025,-1.094854474,3.400620699,-3.031393766,2,1,4,5,2,,-0.2398170978,-0.3444174826,-1.397873402,5.470183372,1,3,2,1,4,5,-0.04986585677,-0.2359372526,-0.3508381248,-0.02025438473,-0.310108006,-2.646594286,3.333152533,2,2,1,3,5,,-0.01838366501,-0.02015886456,-0.3086694181,-0.1595457047,-1.38430202,-1.240166545,-1.552371264,-2.965258121,3.648804188,2,4,3,1,5,,-0.3132129312,-1.859476447,3.782505274,2,2,1,4,5,
815,4.3,3.666666667,2.2,4.1,4.5,6626.876605,2,12,1,0.9910312295,1.06178689,0.323076725,-0.7341638803,0.7913079858,0.8667362928,-1.225641251,-0.2892209888,1,0.01199192926,-0.07178839296,0.1379993707,2.396105289,2,0.009060844779,0.2526425123,3.400620699,-3.031393766,3,4,5,2,,,-0.7757434845,-1.114097476,-1.397873402,5.470183372,1,3,2,1,4,5,0.07975409925,-0.6532959938,-0.9951970577,0.01592274383,0.2437877208,-2.646594286,3.333152533,3,1,3,5,,,0.02434804291,0.01751734316,0.2682240605,0.1407448202,1.22117579,0.8435766101,1.055942059,-2.965258121,3.648804188,4,1,5,,,,-0.55618155,-1.859476447,3.782505274,2,2,1,4,5,
816,4.4,3.316666667,4.1,2.9,4.6,22306.81891,1,72,3,1.807721496,1.204857349,-0.61457932,2.043753386,-1.352881312,1.064042091,-0.3403491378,0.9201812148,0,-0.001456815982,-0.07178839296,0.1379993707,2.01147294,2,-0.01917813905,-0.5347418785,3.400620699,-3.031393766,2,1,4,5,2,,-0.1349707544,-0.1938405931,-1.397873402,5.470183372,1,3,2,1,4,5,0.1025929451,-0.08347845078,-0.1154574379,0.07710826397,1.18057847,-2.646594286,3.333152533,4,3,5,,,,0.07944789529,0.07767269015,1.189315319,-0.1492300332,-1.294797897,-0.7410531044,-0.9276089072,-2.965258121,3.648804188,2,4,3,1,5,,-0.2506875992,-1.859476447,3.782505274,2,2,1,4,5,
817,3.4,4.05,2.6,4,4.8,4510.887371,2,12,1,1.457737923,-0.2258468717,1.350033402,-0.1493391693,0.6126255393,1.458653688,-1.345110297,0.4019052684,1,0.0597243011,-0.07178839296,0.1379993707,3.761244297,3,0.05996618047,1.67203021,3.400620699,-3.031393766,4,5,2,,,,-0.973336041,-1.397873402,-1.397873402,5.470183372,1,3,2,1,4,5,-0.03444907442,-0.7595670223,-1.159268618,-0.05215784907,-0.7985711098,-2.646594286,3.333152533,2,2,1,3,5,,-0.04291129857,-0.04974199831,-0.7616427541,0.1420674771,1.23265183,1.024965167,1.282994151,-2.965258121,3.648804188,4,1,5,,,,-1.09884727,-1.859476447,3.782505274,1,3,2,1,4,5
818,4,3.366666667,2.3,3.9,4.9,10517.82644,2,12,1,0.9258201122,0.6325756311,-0.4806284606,-0.5879576802,0.433943063,1.655959487,-1.005957603,-0.3857893944,1,0.003905578749,-0.07178839296,0.1379993707,2.164836645,2,-0.002919509308,-0.08140434325,3.400620699,-3.031393766,3,4,5,2,,,-0.6463481784,-0.9282641411,-1.397873402,5.470183372,1,3,2,1,4,5,0.05581021681,-0.683447659,-1.041748166,0.06590783596,1.00909245,-2.646594286,3.333152533,4,3,5,,,,0.07282298803,0.06599228829,1.010466456,0.09043641388,0.7846736908,0.4920579195,0.6159306169,-2.965258121,3.648804188,3,3,1,5,,,-0.9427191019,-1.859476447,3.782505274,1,3,2,1,4,5
819,4.1,3.466666667,2.7,2.8,4,18209.30472,2,32,2,1.407885909,0.7756460309,-0.2127267271,-0.003132989397,-1.531563759,-0.119792819,-0.571695447,0.3280815184,1,0.0002202754695,-0.07178839296,0.1379993707,2.059437513,2,-0.01551568694,-0.4326221347,3.400620699,-3.031393766,3,4,5,2,,,-0.3352518976,-0.4814778268,-1.397873402,5.470183372,1,3,2,1,4,5,0.06379151344,-0.3608926833,-0.543756485,0.07947289199,1.216782451,-2.646594286,3.333152533,4,3,5,,,,0.08340284228,0.07918494195,1.21247077,-0.0715213269,-0.6205564737,-0.3833969831,-0.4799149334,-2.965258121,3.648804188,2,4,3,1,5,,-0.9401541948,-1.859476447,3.782505274,1,3,2,1,4,5
821,3.4,3.633333333,2.3,3.8,4.5,19791.02811,1,32,2,0,-0.2258468717,0.2337761521,-0.5879576802,0.2552606463,0.8667362928,-0.4823910892,-1.756797314,0,-0.001618795446,-0.07178839296,0.1379993707,2.006840467,2,0.01895472407,0.5285124183,3.400620699,-3.031393766,3,4,5,2,,,-0.357401073,-0.5132877827,-1.397873402,5.470183372,1,3,2,1,4,5,-0.02069208212,-0.445376277,-0.674190402,0.007604838349,0.1164351031,-2.646594286,3.333152533,3,1,3,5,,,0.01092088968,0.006702989805,0.1026359946,0.07617131621,0.6609022021,0.05647732317,0.07069515437,-2.965258121,3.648804188,3,3,1,5,,,-0.3822160363,-1.859476447,3.782505274,2,2,1,4,5,
824,3.9,3.9,1.3,5,4.3,46519.96036,1,200,5,0.5175491571,0.4895052314,0.9481807947,-2.050019503,2.399450064,0.4721246362,1.026728749,-0.9903806448,0,-0.009154047817,-0.07178839296,0.1379993707,1.791333318,1,0.02968889102,0.827812016,3.400620699,-3.031393766,3,4,5,2,,,0.7435749769,1.067898154,-1.397873402,5.470183372,2,2,1,4,5,,0.0269182995,1.157546282,1.800557017,-0.04428786039,-0.6780763865,-2.646594286,3.333152533,2,2,1,3,5,,-0.05134579539,-0.04019529372,-0.615464747,0.296287626,2.57074666,1.680464864,2.103512049,-2.965258121,3.648804188,4,1,5,,,,0.8072656989,-1.859476447,3.782505274,3,1,4,5,,
828,4.4,3.666666667,3,4,4.3,32799.88267,1,128,4,0.7440237999,1.204857349,0.323076725,0.4354855418,0.6126255393,0.4721246362,0.2520909309,-0.6550039053,0,0.001411967911,-0.07178839296,0.1379993707,2.093519926,2,0.003326951992,0.09276503325,3.400620699,-3.031393766,3,4,5,2,,,0.2669965327,0.3834517002,-1.397873402,5.470183372,2,2,1,4,5,,0.09103707224,0.3403687775,0.5389190316,-0.002511930885,-0.03845931217,-2.646594286,3.333152533,3,1,3,5,,,-0.004244853742,-0.001801753766,-0.0275875926,0.0606177114,0.5259510279,0.2307122946,0.2887927592,-2.965258121,3.648804188,3,3,1,5,,,-0.1849054843,-1.859476447,3.782505274,2,2,1,4,5,
829,3.2,3.233333333,3.5,3.7,4.1,16925.21319,1,32,2,1.302470207,-0.5119876862,-0.8378307819,1.166516423,0.07657819241,0.07751300186,-0.6441954374,0.1719758511,0,0.0164699778,-0.07178839296,0.1379993707,2.524176836,2,-0.02002747916,-0.5584239364,3.400620699,-3.031393766,2,1,4,5,2,,-0.4796997309,-0.688929081,-1.397873402,5.470183372,1,3,2,1,4,5,-0.03005131148,-0.4547355175,-0.6886401176,-0.01592706144,-0.2438538224,-2.646594286,3.333152533,3,1,3,5,,,-0.01149873435,-0.01571663469,-0.2406505495,-0.1085597724,-0.9419214129,-0.663447082,-0.830466032,-2.965258121,3.648804188,2,4,3,1,5,,-1.064497352,-1.859476447,3.782505274,1,3,2,1,4,5
830,3.7,3.916666667,3.3,3.7,4.3,33238.04805,1,128,4,1.281739831,0.2033643872,0.9928310513,0.874104023,0.07657819241,0.4721246362,0.276829809,0.1412771195,0,0.03234808147,-0.07178839296,0.1379993707,2.978288174,2,0.03388201073,0.9447283149,3.400620699,-3.031393766,4,5,2,,,,0.1970292777,0.282967031,-1.397873402,5.470183372,2,2,1,4,5,,0.003802077146,0.2531337738,0.4042371809,-0.04517128691,-0.6916022301,-2.646594286,3.333152533,2,2,1,3,5,,-0.0470742695,-0.04463117197,-0.6833863854,0.02356801368,0.2044884264,0.188685596,0.2361860871,-2.965258121,3.648804188,3,3,1,5,,,0.969014287,-1.859476447,3.782505274,3,1,4,5,,
831,2.5,2.85,2.4,2.8,3.9,9927.465374,1,12,1,0.5175491571,-1.513480663,-1.864787459,-0.4417515099,-1.531563759,-0.3170986474,-1.039289474,-0.9903806448,0,-0.03249711171,-0.07178839296,0.1379993707,1.123725057,1,-0.04627034441,-1.290150762,3.400620699,-3.031393766,2,1,4,5,2,,-0.8217997551,-1.180241942,-1.397873402,5.470183372,1,3,2,1,4,5,-0.09637568146,-0.8463247418,-1.293213606,0.08732455224,1.336996555,-2.646594286,3.333152533,4,3,5,,,,0.09446883202,0.08763813227,1.341904998,-0.1821772158,-1.580664873,-1.433093786,-1.793866754,-2.965258121,3.648804188,1,2,4,3,1,5,-0.9877989888,-1.859476447,3.782505274,1,3,2,1,4,5
832,3.1,3.916666667,3.6,2.7,4,32209.32045,1,128,4,0.7071067691,-0.6550581455,0.9928310513,1.312722564,-1.710246205,-0.119792819,0.2187476903,-0.709672749,0,0.03792882338,-0.07178839296,0.1379993707,3.137896776,3,0.03582739457,0.9989712238,3.400620699,-3.031393766,4,5,2,,,,0.0887901336,0.1275174916,-1.397873402,5.470183372,2,2,1,4,5,,-0.06389575452,0.1854359508,0.2997187078,-0.02557026409,-0.391497612,-2.646594286,3.333152533,2,2,1,3,5,,-0.02707397938,-0.02463087998,-0.3771443665,-0.1210300103,-1.050119758,-0.9650080204,-1.207943201,-2.965258121,3.648804188,2,4,3,1,5,,0.7080832124,-1.859476447,3.782505274,3,1,4,5,,
833,3.3,2.7,3.1,2.8,3.1,15236.88304,1,32,2,0,-0.3689172864,-2.266639948,0.5816916823,-1.531563759,-1.895545125,-0.7395188808,-1.756797314,0,-0.03704737872,-0.07178839296,0.1379993707,0.9935880303,0,-0.08725771308,-2.432996988,3.400620699,-3.031393766,1,3,1,4,5,2,-0.5173435807,-0.7429919839,-1.397873402,5.470183372,1,3,2,1,4,5,-0.001159393811,-0.4258435965,-0.6440339684,0.07125158608,1.090908766,-2.646594286,3.333152533,4,3,5,,,,0.07633518428,0.07211728394,1.104251623,-0.2797050774,-2.426867723,-2.259350061,-2.828128338,-2.965258121,3.648804188,1,2,4,3,1,5,-0.7571060061,-1.859476447,3.782505274,1,3,2,1,4,5
834,2.7,2.783333333,2.3,3.4,4.1,10605.64072,1,12,1,1.388730168,-1.227339864,-2.043388605,-0.5879576802,-0.4594691396,0.07751300186,-1.00099957,0.2997145951,0,-0.03323464841,-0.07178839296,0.1379993707,1.102631569,1,-0.05027811602,-1.40189898,3.400620699,-3.031393766,2,1,4,5,2,,-0.7703063488,-1.106288791,-1.397873402,5.470183372,1,3,2,1,4,5,-0.07160862535,-0.8229371905,-1.257105589,0.07453265041,1.141144037,-2.646594286,3.333152533,4,3,5,,,,0.08141371608,0.07458301634,1.142006636,-0.1140570343,-0.9896185398,-0.6672852635,-0.8352704644,-2.965258121,3.648804188,2,4,3,1,5,,-1.278339028,-1.859476447,3.782505274,1,3,2,1,4,5
835,3.6,3.566666667,3.5,3.4,4,16995.70401,1,32,2,0,0.06029396132,0.05517499894,1.166516423,-0.4594691396,-0.119792819,-0.6402155161,-1.756797314,0,0.01877040043,-0.07178839296,0.1379993707,2.589968443,2,-0.0002001047687,-0.005579494871,3.400620699,-3.031393766,3,4,5,2,,,-0.4427954555,-0.6359283924,-1.397873402,5.470183372,1,3,2,1,4,5,0.004074978177,-0.4206092358,-0.6359526515,-0.02008918487,-0.3075786829,-2.646594286,3.333152533,2,2,1,3,5,,-0.01568821631,-0.01990611665,-0.3047993779,-0.08439878374,-0.7322880626,-0.9884153605,-1.237243176,-2.965258121,3.648804188,2,4,3,1,5,,-0.5667484999,-1.859476447,3.782505274,2,2,1,4,5,
836,3.8,4.216666667,2.2,4.6,4.3,26786.30189,1,72,3,1.125991583,0.3464348018,1.796536207,-0.7341638803,1.684720159,0.4721246362,-0.08743680269,-0.08936390281,0,0.02743322775,-0.07178839296,0.1379993707,2.837724209,2,0.05733015016,1.598530054,3.400620699,-3.031393766,4,5,2,,,,-0.05585087463,-0.08021119982,-1.397873402,5.470183372,1,3,2,1,4,5,0.005180014763,-0.1808913797,-0.2658529878,-0.09495326132,-1.453797102,-2.646594286,3.333152533,1,4,2,1,3,5,-0.09435220063,-0.09612740576,-1.47189045,0.2299347967,1.995034695,1.473935008,1.844989538,-2.965258121,3.648804188,4,1,5,,,,0.1085544527,-1.859476447,3.782505274,2,2,1,4,5,
837,3.9,3.566666667,1.8,3.5,4.2,20470.66035,1,72,3,1.832250714,0.4895052314,0.05517499894,-1.318988562,-0.2807866931,0.2748188078,-0.4440189302,0.9565054774,0,-0.03485778347,-0.07178839296,0.1379993707,1.05621016,1,-9.086461796e-05,-0.002533564111,3.400620699,-3.031393766,3,4,5,2,,,-0.2720013261,-0.3906394243,-1.397873402,5.470183372,1,3,2,1,4,5,0.03792389482,-0.1481475085,-0.2152998149,0.05810661986,0.8896507025,-2.646594286,3.333152533,3,1,3,5,,,0.06115889177,0.05938369408,0.9092764854,0.07828657329,0.6792553067,0.7485678196,0.9370154142,-2.965258121,3.648804188,3,3,1,5,,,-0.1307316422,-1.859476447,3.782505274,2,2,1,4,5,
838,1.4,3.516666667,4.3,3.5,4.3,41413.02959,1,128,4,0.3535533845,-3.087255239,-0.07877586782,2.336165667,-0.2807866931,0.4721246362,0.7383905649,-1.233235002,0,0.08893303573,-0.07178839296,0.1379993707,4.596610069,4,0.03308469057,0.9224966764,3.400620699,-3.031393766,4,5,2,,,,0.2728970647,0.3919258714,-1.397873402,5.470183372,2,2,1,4,5,,-0.2424995452,0.006832149345,0.0239728298,-0.1094900817,-1.676365376,-2.646594286,3.333152533,1,4,2,1,3,5,-0.1145659238,-0.1121228263,-1.716810346,-0.1927823126,-1.672680259,-1.562819004,-1.956249595,-2.965258121,3.648804188,1,2,4,3,1,5,-0.02704013512,-1.859476447,3.782505274,2,2,1,4,5,
839,3.3,2.983333333,3.1,3.7,2.8,15691.6946,1,32,2,1.281739831,-0.3689172864,-1.507585168,0.5816916823,0.07657819241,-2.487462521,-0.713840127,0.1412771195,0,-0.009066796862,-0.07178839296,0.1379993707,1.793828726,1,-0.07027580589,-1.959492326,3.400620699,-3.031393766,1,3,1,4,5,2,-0.5087745786,-0.7306854725,-1.397873402,5.470183372,1,3,2,1,4,5,-0.01051414665,-0.4351983368,-0.6584767103,-0.03269171342,-0.500531733,-2.646594286,3.333152533,2,2,1,3,5,,-0.02778463624,-0.03200253844,-0.4900183082,-0.1823361218,-1.582043648,-1.151213408,-1.441024661,-2.965258121,3.648804188,2,4,3,1,5,,-0.5552868843,-1.859476447,3.782505274,2,2,1,4,5,
840,3.7,3.3,2.4,3.9,3.8,38844.91993,1,128,4,0.7071067691,0.2033643872,-0.6592296362,-0.4417515099,0.433943063,-0.5144044757,0.5933946967,-0.709672749,0,-0.01955498941,-0.07178839296,0.1379993707,1.493867874,1,-0.0280267112,-0.7814656496,3.400620699,-3.031393766,2,1,4,5,2,,0.4383519292,0.6295467615,-1.397873402,5.470183372,2,2,1,4,5,,0.02416242473,0.2734941244,0.4356714785,0.01753742248,0.2685095072,-2.646594286,3.333152533,3,1,3,5,,,0.01345831063,0.01590141095,0.2434810996,0.001297838287,0.0112607237,-0.1689726412,-0.2115105242,-2.965258121,3.648804188,3,3,1,5,,,0.0941310823,-1.859476447,3.782505274,2,2,1,4,5,
841,2,3.533333333,3.8,2.1,4,42227.75586,1,200,5,0,-2.228832722,-0.03412557766,1.605134964,-2.782341003,-0.119792819,0.7843901515,-1.756797314,0,0.03975886852,-0.07178839296,0.1379993707,3.190235615,3,0.0195369143,0.5447455645,3.400620699,-3.031393766,3,4,5,2,,,0.3721523285,0.5344730616,-1.397873402,5.470183372,2,2,1,4,5,,-0.1753520072,0.9552760124,1.488272548,0.0103053553,0.1577817947,-2.646594286,3.333152533,3,1,3,5,,,0.004913302604,0.01606380194,0.2459675968,-0.2712968588,-2.353913546,-2.204634428,-2.759638309,-2.965258121,3.648804188,1,2,4,3,1,5,0.1378296763,-1.859476447,3.782505274,2,2,1,4,5,
842,3.1,3.4,2.2,3.9,3.8,22996.59614,1,72,3,0.9161253572,-0.6550581455,-0.3913278878,-0.7341638803,0.433943063,-0.5144044757,-0.3014042079,-0.4001459479,0,-0.007428579032,-0.07178839296,0.1379993707,1.840681434,1,-0.01130496431,-0.3152150512,3.400620699,-3.031393766,3,4,5,2,,,-0.2572172284,-0.3694069982,-1.397873402,5.470183372,1,3,2,1,4,5,-0.046837084,-0.2329084873,-0.3461620212,-0.01383615192,-0.2118406147,-2.646594286,3.333152533,3,1,3,5,,,-0.01176423952,-0.01353943907,-0.2073135972,0.01252523623,0.1086755097,-0.01852985471,-0.02319464087,-2.965258121,3.648804188,3,3,1,5,,,-0.09995954484,-1.859476447,3.782505274,2,2,1,4,5,
843,2.8,3.75,2,2.9,4.2,32819.02561,1,128,4,1.552647471,-1.084269404,0.546328187,-1.026576161,-1.352881312,0.2748188078,0.253171742,0.5424528122,0,-0.006060237531,-0.07178839296,0.1379993707,1.879815817,1,0.03056566976,0.8522590995,3.400620699,-3.031393766,4,5,2,,,,0.08447200805,0.1213159412,-1.397873402,5.470183372,2,2,1,4,5,,-0.09224186838,0.1570898294,0.2559552193,0.03608357534,0.5524633527,-2.646594286,3.333152533,3,1,3,5,,,0.03434322402,0.03678632155,0.5632683039,0.00273132557,0.02369841002,0.1533870101,0.1920012981,-2.965258121,3.648804188,3,3,1,5,,,1.026400685,-1.859476447,3.782505274,3,1,4,5,,
844,3.5,3.65,2.6,3.6,4.8,31053.66919,1,128,4,0.7071067691,-0.08277645707,0.2784264386,-0.1493391693,-0.1021042541,1.458653688,0.1534994394,-0.709672749,0,0.002362750238,-0.07178839296,0.1379993707,2.120712042,2,0.02542094886,0.7088094354,3.400620699,-3.031393766,3,4,5,2,,,0.09718322009,0.1395713687,-1.397873402,5.470183372,2,2,1,4,5,,-0.009959391318,0.239372313,0.3829908967,0.03033694066,0.4644785821,-2.646594286,3.333152533,3,1,3,5,,,0.02928175591,0.0317248553,0.4857677221,0.05789019912,0.5022856593,0.1992960572,0.2494676709,-2.965258121,3.648804188,3,3,1,5,,,-0.2005208135,-1.859476447,3.782505274,2,2,1,4,5,
845,3.4,3,3,3,3,36861.79492,1,128,4,1.457737923,-0.2258468717,-1.462934852,0.4354855418,-1.174198866,-2.092850924,0.4814271629,0.4019052684,0,-0.02459576353,-0.07178839296,0.1379993707,1.349702477,1,-0.06597343832,-1.839529991,3.400620699,-3.031393766,1,3,1,4,5,2,0.3362547159,0.4829180539,-1.397873402,5.470183372,2,2,1,4,5,,0.0002185445774,0.2495502383,0.3987045586,0.03777447343,0.5783521533,-2.646594286,3.333152533,3,1,3,5,,,0.03446504846,0.03690814599,0.5651336312,-0.2179337293,-1.890907168,-1.317704082,-1.649428368,-2.965258121,3.648804188,1,2,4,3,1,5,0.3345772028,-1.859476447,3.782505274,2,2,1,4,5,
846,2.3,4.216666667,2.2,3.8,4.8,23412.34105,1,72,3,1.125991583,-1.799621463,1.796536207,-0.7341638803,0.2552606463,1.458653688,-0.2779311836,-0.08936390281,0,0.0472866483,-0.07178839296,0.1379993707,3.405529022,3,0.08924191445,2.488322258,3.400620699,-3.031393766,5,2,,,,,-0.358060509,-0.5142348409,-1.397873402,5.470183372,1,3,2,1,4,5,-0.1640645564,-0.3501359522,-0.5271492004,-0.07460960746,-1.142322302,-2.646594286,3.333152533,2,2,1,3,5,,-0.07269905508,-0.07447426021,-1.14034009,0.1458812654,1.265742183,0.9269656539,1.160323858,-2.965258121,3.648804188,4,1,5,,,,-0.51025635,-1.859476447,3.782505274,2,2,1,4,5,
847,4,3.65,2.5,4.3,4.7,32587.03973,1,128,4,1.851640224,0.6325756311,0.2784264386,-0.2955453396,1.148672819,1.26134789,0.2400737852,0.9852185845,0,-0.0001392768027,-0.07178839296,0.1379993707,2.04915452,2,0.0162262693,0.4524352551,3.400620699,-3.031393766,3,4,5,2,,,0.2140269727,0.3073785603,-1.397873402,5.470183372,2,2,1,4,5,,0.04645546526,0.2957871556,0.4700896144,0.001322374796,0.02024643682,-2.646594286,3.333152533,3,1,3,5,,,-0.0003279397206,0.002115160227,0.03238771483,0.1348810047,1.170298219,1.124028325,1.406995893,-2.965258121,3.648804188,4,1,5,,,,-0.8091104031,-1.859476447,3.782505274,1,3,2,1,4,5
848,4,3.116666667,2.8,4.1,3.6,12296.03071,2,12,1,0.9258201122,0.6325756311,-1.150382757,0.1430731863,0.7913079858,-0.9090160728,-0.9055598378,-0.3857893944,1,0.009550568648,-0.07178839296,0.1379993707,2.32628274,2,-0.05176166818,-1.443264723,3.400620699,-3.031393766,2,1,4,5,2,,-0.5680163503,-0.815766573,-1.397873402,5.470183372,1,3,2,1,4,5,0.06406441331,-0.6803666353,-1.036991358,-0.0002941171406,-0.0045031216,-2.646594286,3.333152533,3,1,3,5,,,0.005930879619,-0.0008998203557,-0.01377729978,-0.03986297175,-0.3458720148,-0.3558513522,-0.4454348683,-2.965258121,3.648804188,2,4,3,1,5,,-0.5887453556,-1.859476447,3.782505274,2,2,1,4,5,
849,3.9,2.866666667,3,3.4,4,19273.0578,1,32,2,0.8864052892,0.4895052314,-1.820137143,0.4354855418,-0.4594691396,-0.119792819,-0.5116357803,-0.4441571534,0,-0.03541118279,-0.07178839296,0.1379993707,1.040382981,1,-0.06241196394,-1.740225792,3.400620699,-3.031393766,2,1,4,5,2,,-0.2960861325,-0.4252292514,-1.397873402,5.470183372,1,3,2,1,4,5,0.06103564054,-0.3636485636,-0.5480112433,0.08312831819,1.272749424,-2.646594286,3.333152533,4,3,5,,,,0.08664540201,0.08242750168,1.262120485,-0.1285315901,-1.115207314,-0.9474447966,-1.185958505,-2.965258121,3.648804188,2,4,3,1,5,,-0.09745132923,-1.859476447,3.782505274,2,2,1,4,5,
850,2.5,4.133333333,2.6,3.4,4.5,99366.4055,1,200,5,1.982062459,-1.513480663,1.573284864,-0.1493391693,-0.4594691396,0.8667362928,4.010447502,1.178355336,0,0.04396925122,-0.07178839296,0.1379993707,3.310652018,3,0.07303402573,2.036399603,3.400620699,-3.031393766,4,5,2,,,,2.660545111,3.820988178,-1.397873402,5.470183372,4,4,5,,,,-0.1387472153,0.9918807745,1.544786453,-0.03096220084,-0.4740517139,-2.646594286,3.333152533,2,2,1,3,5,,-0.0585308075,-0.04738030583,-0.7254807949,0.05759138986,0.4996930361,0.6693586111,0.8378657699,-2.965258121,3.648804188,3,3,1,5,,,2.190735102,-1.859476447,3.782505274,4,4,5,,,
851,4.1,3.116666667,1.2,3.9,4.6,38061.73819,1,128,4,1.187734962,0.7756460309,-1.150382757,-2.196225643,0.433943063,1.064042091,0.5491761565,0.002069266513,0,-0.07138045132,-0.07178839296,0.1379993707,0.01166707277,0,-0.03152918443,-0.879124701,3.400620699,-3.031393766,2,1,4,5,2,,0.4586723447,0.6587302685,-1.397873402,5.470183372,2,2,1,4,5,,0.0753473863,0.3246790767,0.5146957636,0.1330560446,2.037175894,-2.646594286,3.333152533,4,3,5,,,,0.129280895,0.131724,2.016942263,0.1295609623,1.124138713,0.8436213732,1.055998087,-2.965258121,3.648804188,4,1,5,,,,0.1430052966,-1.859476447,3.782505274,2,2,1,4,5,
852,4.5,3.2,1.6,4.6,4.5,17228.19548,1,32,2,0.7559289336,1.34792769,-0.9271313548,-1.611400843,1.684720159,0.8667362928,-0.6270890236,-0.6373741031,0,-0.05341313779,-0.07178839296,0.1379993707,0.5255296826,0,-0.03241372854,-0.9037883282,3.400620699,-3.031393766,2,1,4,5,2,,-0.3199802637,-0.4595452249,-1.397873402,5.470183372,1,3,2,1,4,5,0.1177278683,-0.306956321,-0.4604842663,0.06444146484,0.9866413474,-2.646594286,3.333152533,4,3,5,,,,0.06875219941,0.06453429908,0.9881418943,0.1752752662,1.520779967,0.9812414646,1.228263259,-2.965258121,3.648804188,4,1,5,,,,0.4431754947,-1.859476447,3.782505274,3,1,4,5,,
853,2.9,3.55,2,3.9,4.1,12038.65163,1,12,1,0,-0.941198945,0.01052471064,-1.026576161,0.433943063,0.07751300186,-0.9200915098,-1.756797314,0,-0.001653214917,-0.07178839296,0.1379993707,2.005856037,2,0.01042610686,0.2907099724,3.400620699,-3.031393766,3,4,5,2,,,-0.7165794373,-1.029127955,-1.397873402,5.470183372,1,3,2,1,4,5,-0.07435554266,-0.8098197579,-1.2368536,-0.01962584443,-0.3004846275,-2.646594286,3.333152533,2,2,1,3,5,,-0.01330095343,-0.02013165317,-0.3082527518,0.05949128047,0.5161774755,-0.05206622183,-0.06517359614,-2.965258121,3.648804188,3,3,1,5,,,-0.6987674236,-1.859476447,3.782505274,2,2,1,4,5,
854,3.5,4.05,2.4,3.7,3.9,16487.70095,1,32,2,1.511857867,-0.08277645707,1.350033402,-0.4417515099,0.07657819241,-0.3170986474,-0.66889745,0.4820492268,0,0.0172810331,-0.07178839296,0.1379993707,2.547372818,2,0.03908523545,1.089809179,3.400620699,-3.031393766,4,5,2,,,,-0.4900565147,-0.7038031816,-1.397873402,5.470183372,1,3,2,1,4,5,-0.02316610329,-0.4478503168,-0.6780101061,-0.05822768435,-0.8915042877,-2.646594286,3.333152533,2,2,1,3,5,,-0.05362955108,-0.05784745142,-0.8857524395,0.08287869394,0.7190989256,0.6598365307,0.8259465098,-2.965258121,3.648804188,3,3,1,5,,,-0.1878625453,-1.859476447,3.782505274,2,2,1,4,5,
855,4.3,3.166666667,1.7,4.9,3.4,17787.28154,1,32,2,1.92724824,1.06178689,-1.016431928,-1.465194702,2.220767498,-1.303627729,-0.5955229402,1.097183347,0,-0.04293773696,-0.07178839296,0.1379993707,0.8251246214,0,-0.0561655052,-1.56605649,3.400620699,-3.031393766,2,1,4,5,2,,-0.3194125295,-0.4587298632,-1.397873402,5.470183372,1,3,2,1,4,5,0.09626249224,-0.3284217119,-0.4936246276,-0.01468375325,-0.2248179466,-2.646594286,3.333152533,3,1,3,5,,,-0.01059001125,-0.01480791159,-0.2267362922,0.1192689463,1.034839869,1.050425768,1.314864397,-2.965258121,3.648804188,4,1,5,,,,-0.8458353877,-1.859476447,3.782505274,1,3,2,1,4,5
856,4.2,3.666666667,2,4.1,4.7,14067.23605,1,12,1,0.7071067691,0.9187164903,0.323076725,-1.026576161,0.7913079858,1.26134789,-0.8055573106,-0.709672749,0,-0.02125379443,-0.07178839296,0.1379993707,1.44528234,1,0.0147947371,0.4125199914,3.400620699,-3.031393766,3,4,5,2,,,-0.4938078821,-0.7091907859,-1.397873402,5.470183372,1,3,2,1,4,5,0.06847112626,-0.6645789742,-1.012616873,0.03187485039,0.4880250096,-2.646594286,3.333152533,3,1,3,5,,,0.03741240874,0.030581709,0.4682640135,0.1650957018,1.432456732,0.8969243765,1.122719884,-2.965258121,3.648804188,4,1,5,,,,-1.211416841,-1.859476447,3.782505274,1,3,2,1,4,5
857,4.8,4,3.7,3.5,4.2,15370.17615,1,32,2,0.7559289336,1.777138948,1.216082454,1.458928704,-0.2807866931,0.2748188078,-0.7319930792,-0.6373741031,0,0.02054012194,-0.07178839296,0.1379993707,2.640582323,2,0.02315432578,0.6456094384,3.400620699,-3.031393766,3,4,5,2,,,-0.3857678175,-0.5540271401,-1.397873402,5.470183372,1,3,2,1,4,5,0.1251633614,-0.2995208502,-0.4490046799,-0.02596333809,-0.3975158334,-2.646594286,3.333152533,2,2,1,3,5,,-0.020931473,-0.02514937334,-0.3850834668,0.01254249085,0.1088252142,-0.07772461325,-0.09729133546,-2.965258121,3.648804188,3,3,1,5,,,-0.4292686582,-1.859476447,3.782505274,2,2,1,4,5,
858,3.5,3.616666667,2.7,3.4,2.9,9538.413147,1,12,1,0.7071067691,-0.08277645707,0.1891258657,-0.003132989397,-0.4594691396,-2.290156841,-1.061255336,-0.709672749,0,0.0004190866312,-0.07178839296,0.1379993707,2.065123558,2,-0.01845407113,-0.514552772,3.400620699,-3.031393766,2,1,4,5,2,,-0.7496150732,-1.076572657,-1.397873402,5.470183372,1,3,2,1,4,5,-0.008858832531,-0.7429435849,-1.133603692,-0.05362362787,-0.8210131526,-2.646594286,3.333152533,2,2,1,3,5,,-0.04632834718,-0.05315904692,-0.8139641881,-0.08149180561,-0.7070655823,-0.7077173591,-0.8858810663,-2.965258121,3.648804188,2,4,3,1,5,,-0.1231098101,-1.859476447,3.782505274,2,2,1,4,5,
859,4.2,4.016666667,2,3.4,4.4,31699.9261,1,128,4,1.060660124,0.9187164903,1.26073277,-1.026576161,-0.4594691396,0.6694304347,0.1899872124,-0.1861104965,0,-0.01587271877,-0.07178839296,0.1379993707,1.599180222,1,0.03729982674,1.040026903,3.400620699,-3.031393766,4,5,2,,,,0.1895263344,0.2721915245,-1.397873402,5.470183372,2,2,1,4,5,,0.05691525713,0.3062469661,0.4862384796,0.03557460383,0.5446706414,-2.646594286,3.333152533,3,1,3,5,,,0.03426859528,0.03671169281,0.5621255636,0.133706525,1.160107851,0.8235532641,1.030877948,-2.965258121,3.648804188,4,1,5,,,,0.2561664581,-1.859476447,3.782505274,2,2,1,4,5,
861,4.1,3.566666667,2.5,3.9,4.1,17519.99541,1,32,2,1.685018063,0.7756460309,0.05517499894,-0.2955453396,0.433943063,0.07751300186,-0.6106139421,0.7384748459,0,-0.01273075677,-0.07178839296,0.1379993707,1.689039946,1,-0.005067055114,-0.1412841231,3.400620699,-3.031393766,3,4,5,2,,,-0.3657186925,-0.5252332687,-1.397873402,5.470183372,1,3,2,1,4,5,0.06048983335,-0.3641943634,-0.5488539338,0.006751202513,0.1033653691,-2.646594286,3.333152533,3,1,3,5,,,0.01094868314,0.006730783265,0.1030615643,0.05773944035,0.5009776354,0.5603519678,0.7014173269,-2.965258121,3.648804188,3,3,1,5,,,-1.015432,-1.859476447,3.782505274,1,3,2,1,4,5
862,3.9,3.366666667,2.6,3.7,4.3,42620.9315,1,200,5,0.3535533845,0.4895052314,-0.4806284606,-0.1493391693,0.07657819241,0.4721246362,0.8065889478,-1.233235002,0,-0.01824077033,-0.07178839296,0.1379993707,1.531454325,1,-0.01449653413,-0.4042052329,3.400620699,-3.031393766,3,4,5,2,,,0.6075263619,0.8725095391,-1.397873402,5.470183372,2,2,1,4,5,,0.04452724755,1.175155282,1.82774353,0.04895089194,0.7494704723,-2.646594286,3.333152533,3,1,3,5,,,0.04340624064,0.05455673859,0.8353667259,0.01199105754,0.1040406898,-0.2302782387,-0.2882494628,-2.965258121,3.648804188,3,3,1,5,,,1.365194678,-1.859476447,3.782505274,3,1,4,5,,
863,3.2,3.333333333,3.2,3.6,4.2,49340.5126,1,200,5,1.035098314,-0.5119876862,-0.5699290633,0.7278978825,-0.1021042541,0.2748188078,1.185977578,-0.2239639014,0,0.01102565136,-0.07178839296,0.1379993707,2.368469715,2,-0.009578848258,-0.2670859396,3.400620699,-3.031393766,3,4,5,2,,,0.794459343,1.140976548,-1.397873402,5.470183372,2,2,1,4,5,,-0.0333529897,1.097275019,1.707504392,0.008832241409,0.1352274567,-2.646594286,3.333152533,3,1,3,5,,,0.000679597666,0.011830098,0.1811416447,-0.07459654659,-0.6472386718,-0.5414199829,-0.677719295,-2.965258121,3.648804188,2,4,3,1,5,,1.30282867,-1.859476447,3.782505274,3,1,4,5,,
864,2.6,2.966666667,2.2,3.7,3.6,14953.30681,1,32,2,1.752549171,-1.370410204,-1.552235365,-0.7341638803,0.07657819241,-0.9090160728,-0.7555296421,0.8384788036,0,-0.02035913616,-0.07178839296,0.1379993707,1.470869422,1,-0.0445025377,-1.24085927,3.400620699,-3.031393766,2,1,4,5,2,,-0.616304338,-0.8851161599,-1.397873402,5.470183372,1,3,2,1,4,5,-0.08894466609,-0.5136288404,-0.7795653343,0.01358588319,0.2080088407,-2.646594286,3.333152533,3,1,3,5,,,0.0187795423,0.01456164289,0.2229667306,-0.08810850978,-0.764475584,-0.3637369871,-0.4553056657,-2.965258121,3.648804188,2,4,3,1,5,,-0.9120334387,-1.859476447,3.782505274,1,3,2,1,4,5
865,4,3.683333333,2.9,3.7,3.4,21072.46959,1,72,3,1.603567481,0.6325756311,0.3677270114,0.2892793417,0.07657819241,-1.303627729,-0.4100407064,0.6178581119,0,0.003239204176,-0.07178839296,0.1379993707,2.145778418,2,-0.009142383933,-0.2549160421,3.400620699,-3.031393766,3,4,5,2,,,-0.2408535033,-0.3459059298,-1.397873402,5.470183372,1,3,2,1,4,5,0.04535490647,-0.1407164931,-0.2038270831,-0.04178123176,-0.6396982074,-2.646594286,3.333152533,2,2,1,3,5,,-0.03896253183,-0.04073772952,-0.6237704754,-0.01897317916,-0.1646212339,0.03099860251,0.03880231827,-2.965258121,3.648804188,3,3,1,5,,,-0.3700059354,-1.859476447,3.782505274,2,2,1,4,5,
867,4,3.883333333,2,3.3,4.2,20239.79572,1,32,2,0.9258201122,0.6325756311,0.9035304785,-1.026576161,-0.6381515861,0.2748188078,-0.4570536017,-0.3857893944,0,-0.01946350373,-0.07178839296,0.1379993707,1.496484399,1,0.02473806962,0.6897687912,3.400620699,-3.031393766,3,4,5,2,,,-0.280271858,-0.4025172889,-1.397873402,5.470183372,1,3,2,1,4,5,0.03875155002,-0.3859326541,-0.5824155807,0.03493091464,0.534815371,-2.646594286,3.333152533,3,1,3,5,,,0.03807279468,0.03385489434,0.5183826089,0.09006445855,0.7814463973,0.4896374345,0.6129007936,-2.965258121,3.648804188,3,3,1,5,,,-0.3423753977,-1.859476447,3.782505274,2,2,1,4,5,
868,4.1,4.333333333,2,4.8,4.6,40620.38308,1,128,4,1.669045925,0.7756460309,2.109088182,-1.026576161,2.042085171,1.064042091,0.6936376691,0.7148223519,0,0.02393062226,-0.07178839296,0.1379993707,2.73755002,2,0.06926881522,1.931414604,3.400620699,-3.031393766,4,5,2,,,,0.5193360448,0.7458534837,-1.397873402,5.470183372,2,2,1,4,5,,0.03517697006,0.2845086753,0.4526768029,-0.08259053528,-1.264515638,-2.646594286,3.333152533,2,2,1,3,5,,-0.0873587355,-0.08491563797,-1.300217152,0.3044357598,2.641443968,2.159788609,2.703502893,-2.965258121,3.648804188,5,5,,,,,1.075474381,-1.859476447,3.782505274,3,1,4,5,,
870,3.1,3.583333333,2.8,3.4,3.9,17965.36465,1,32,2,0.3535533845,-0.6550581455,0.09982528538,0.1430731863,-0.4594691396,-0.3170986474,-0.5854683518,-1.233235002,0,0.01042747498,-0.07178839296,0.1379993707,2.35136199,2,0.006047639996,0.1686256677,3.400620699,-3.031393766,3,4,5,2,,,-0.4615470767,-0.6628588438,-1.397873402,5.470183372,1,3,2,1,4,5,-0.05289015919,-0.4775743484,-0.7239009142,-0.01869238354,-0.2861927152,-2.646594286,3.333152533,2,2,1,3,5,,-0.01466775779,-0.01888565719,-0.2891742289,-0.04768070579,-0.4137027562,-0.618585825,-0.7743111849,-2.965258121,3.648804188,2,4,3,1,5,,0.1757117659,-1.859476447,3.782505274,2,2,1,4,5,
871,3.7,3.283333333,3,3.7,4.4,74990.17369,1,200,5,1.807721496,0.2033643872,-0.7038798928,0.4354855418,0.07657819241,0.6694304347,2.634161472,0.9201812148,0,-0.006384596694,-0.07178839296,0.1379993707,1.870539188,1,-0.01642431505,-0.4579573274,3.400620699,-3.031393766,3,4,5,2,,,1.863357425,2.676093102,-1.397873402,5.470183372,3,1,4,5,,,0.02471270412,1.155340672,1.797151804,0.05256635323,0.8048255444,-2.646594286,3.333152533,3,1,3,5,,,0.03445861116,0.0456091091,0.6983616948,-0.03055762872,-0.2651339769,0.031194821,0.03904793411,-2.965258121,3.648804188,3,3,1,5,,,1.307756186,-1.859476447,3.782505274,3,1,4,5,,
872,4.1,2.983333333,1.9,3.3,4.3,7791.419282,1,12,1,0.7440237999,0.7756460309,-1.507585168,-1.172782421,-0.6381515861,0.4721246362,-1.15989089,-0.6550039053,0,-0.067341052,-0.07178839296,0.1379993707,0.1271933168,0,-0.0490671359,-1.368133426,3.400620699,-3.031393766,2,1,4,5,2,,-0.7298542261,-1.048192859,-1.397873402,5.470183372,1,3,2,1,4,5,0.07974962145,-0.6674404144,-1.01703465,0.135591954,2.076002359,-2.646594286,3.333152533,4,3,5,,,,0.1435652673,0.136734575,2.093663692,-0.0119988285,-0.1041081175,-0.2418320626,-0.3027118742,-2.965258121,3.648804188,3,3,1,5,,,-0.6332355738,-1.859476447,3.782505274,2,2,1,4,5,
873,2.7,3.816666667,3.3,2.5,4.1,34269.95128,1,128,4,1.597989798,-1.227339864,0.7249293327,0.874104023,-2.067611217,0.07751300186,0.3350912333,0.6095983386,0,0.03008632734,-0.07178839296,0.1379993707,2.913602352,2,0.03533114493,0.9851343036,3.400620699,-3.031393766,4,5,2,,,,0.1281677186,0.184070304,-1.397873402,5.470183372,2,2,1,4,5,,-0.1057259664,0.1436057389,0.2351371646,5.884241909e-05,0.0009009221685,-2.646594286,3.333152533,3,1,3,5,,,-0.00224464084,0.0001984592382,0.003039422911,-0.1338213086,-1.161103725,-0.7184281945,-0.8992882967,-2.965258121,3.648804188,2,4,3,1,5,,0.5427470207,-1.859476447,3.782505274,3,1,4,5,,
878,3.9,2.95,2.4,4.4,4,56706.18339,1,200,5,1.685018063,0.4895052314,-1.596885681,-0.4417515099,1.327355266,-0.119792819,1.601844549,0.7384748459,0,-0.03252285346,-0.07178839296,0.1379993707,1.12298882,1,-0.05550799146,-1.547723055,3.400620699,-3.031393766,2,1,4,5,2,,1.176371694,1.689466596,-1.397873402,5.470183372,3,1,4,5,,,0.05828424171,1.188912272,1.848982811,0.04384745657,0.6713334918,-2.646594286,3.333152533,3,1,3,5,,,0.03283606097,0.04398656264,0.6735174656,0.01560223009,0.1353731155,0.2861485481,0.3581847847,-2.965258121,3.648804188,3,3,1,5,,,0.950802803,-1.859476447,3.782505274,3,1,4,5,,
879,2.8,4.183333333,2.4,3.3,3.7,69276.44346,2,200,5,0.3535533845,-1.084269404,1.707235694,-0.4417515099,-0.6381515861,-0.7117102742,2.311563492,-1.233235002,1,0.06216171756,-0.07178839296,0.1379993707,3.830954075,3,0.0556470044,1.551599145,3.400620699,-3.031393766,4,5,2,,,,1.506922126,2.164192438,-1.397873402,5.470183372,3,1,4,5,,,-0.1065491438,1.024078846,1.594496965,-0.05993499234,-0.9176442623,-2.646594286,3.333152533,2,2,1,3,5,,-0.07582513988,-0.06467463821,-0.9902895093,0.03386858106,0.2938615382,-0.08791259676,-0.1100440845,-2.965258121,3.648804188,3,3,1,5,,,1.812355757,-1.859476447,3.782505274,4,4,5,,,
880,2.2,4.016666667,1.8,3.3,4.1,17641.93048,1,32,2,1.069044948,-1.942691922,1.26073277,-1.318988562,-0.6381515861,0.07751300186,-0.6037294865,-0.1736937761,0,0.02044082619,-0.07178839296,0.1379993707,2.637742519,2,0.05893149599,1.643180251,3.400620699,-3.031393766,4,5,2,,,,-0.5901473761,-0.8475503922,-1.397873402,5.470183372,1,3,2,1,4,5,-0.1687441766,-0.5934283733,-0.9027675986,-0.04397395626,-0.6732702851,-2.646594286,3.333152533,2,2,1,3,5,,-0.03982380033,-0.04404170066,-0.6743604541,0.06453383714,0.5599293709,0.3765235841,0.4713112116,-2.965258121,3.648804188,3,3,1,5,,,-0.5062195659,-1.859476447,3.782505274,2,2,1,4,5,
881,2.6,3.483333333,2.7,3.8,4.1,15013.38458,1,32,2,1.505940676,-1.370410204,-0.1680764407,-0.003132989397,0.2552606463,0.07751300186,-0.7521376014,0.4732866883,0,0.02016052976,-0.07178839296,0.1379993707,2.629725933,2,0.009121417068,0.2543314397,3.400620699,-3.031393766,3,4,5,2,,,-0.6309953928,-0.9062150121,-1.397873402,5.470183372,1,3,2,1,4,5,-0.1060033366,-0.530687511,-0.8059021831,-0.04192858189,-0.6419542432,-2.646594286,3.333152533,2,2,1,3,5,,-0.03675824031,-0.04097614065,-0.6274210215,-0.02177954838,-0.1889707595,-0.02340639755,-0.02929882519,-2.965258121,3.648804188,3,3,1,5,,,-0.3479594588,-1.859476447,3.782505274,2,2,1,4,5,
882,1.6,3.85,4.4,2.6,3.7,13878.92584,1,12,1,1.457737923,-2.801114321,0.8142299056,2.482372046,-1.888928652,-0.7117102742,-0.8161893487,0.4019052684,0,0.08879834414,-0.07178839296,0.1379993707,4.592757702,4,0.04490506649,1.252082944,3.400620699,-3.031393766,4,5,2,,,,-0.8006393313,-1.149852037,-1.397873402,5.470183372,1,3,2,1,4,5,-0.2309391946,-0.9601956606,-1.469018579,-0.1184209287,-1.813102603,-2.646594286,3.333152533,1,4,2,1,3,5,-0.1128102839,-0.1196409836,-1.831927419,-0.2628885508,-2.280958652,-1.610242724,-2.015611887,-2.965258121,3.648804188,1,2,4,3,1,5,-1.097518802,-1.859476447,3.782505274,1,3,2,1,4,5
884,2.5,4.05,3.3,3.5,3.9,27586.40633,1,72,3,1.125991583,-1.513480663,1.350033402,0.874104023,-0.2807866931,-0.3170986474,-0.04226278141,-0.08936390281,0,0.06166345626,-0.07178839296,0.1379993707,3.816703796,3,0.05314686522,1.481888056,3.400620699,-3.031393766,4,5,2,,,,-0.1654952466,-0.2376788706,-1.397873402,5.470183372,1,3,2,1,4,5,-0.1359958202,-0.3220672309,-0.4838139415,-0.1109570637,-1.698825836,-2.646594286,3.333152533,1,4,2,1,3,5,-0.1106665358,-0.1124417409,-1.721693516,-0.03455651924,-0.2998304665,-0.2472138256,-0.3094484806,-2.965258121,3.648804188,3,3,1,5,,,-0.2603983283,-1.859476447,3.782505274,2,2,1,4,5,
885,3.3,3.716666667,2.7,3.8,4,22001.44028,1,72,3,2.815771818,-0.3689172864,0.4570276141,-0.003132989397,0.2552606463,-0.119792819,-0.3575908542,2.412960291,0,0.01598636247,-0.07178839296,0.1379993707,2.510345459,2,0.01644553617,0.4585490227,3.400620699,-3.031393766,3,4,5,2,,,-0.2843248546,-0.4083380699,-1.397873402,5.470183372,1,3,2,1,4,5,-0.03472645208,-0.2207978517,-0.3274644613,-0.04212424532,-0.6449499726,-2.646594286,3.333152533,2,2,1,3,5,,-0.03966609389,-0.0414412953,-0.6345434189,0.02382899262,0.2067528218,0.7583047152,0.9492034912,-2.965258121,3.648804188,3,3,1,5,,,-0.6121842265,-1.859476447,3.782505274,2,2,1,4,5,
886,2.6,3.633333333,3.6,3.9,4.2,25365.99005,1,72,3,1.195228577,-1.370410204,0.2337761521,1.312722564,0.433943063,0.2748188078,-0.1676278412,0.01316624507,0,0.05468735471,-0.07178839296,0.1379993707,3.617188215,3,0.02371243201,0.6611710787,3.400620699,-3.031393766,3,4,5,2,,,-0.2279600799,-0.327388823,-1.397873402,5.470183372,1,3,2,1,4,5,-0.1109558493,-0.2970272601,-0.4451548159,-0.08895127475,-1.361902714,-2.646594286,3.333152533,2,2,1,3,5,,-0.08779896796,-0.08957416564,-1.371547937,-0.05838964507,-0.5066191554,-0.3766728044,-0.4714979827,-2.965258121,3.648804188,2,4,3,1,5,,0.280028671,-1.859476447,3.782505274,2,2,1,4,5,
887,2.4,4.116666667,3.3,4,3.6,18496.18718,1,32,2,1.035098314,-1.656551123,1.528634548,0.874104023,0.6126255393,-0.9090160728,-0.555498004,-0.2239639014,0,0.07507253438,-0.07178839296,0.1379993707,4.200201511,4,0.05358461291,1.494093776,3.400620699,-3.031393766,4,5,2,,,,-0.5372174978,-0.7715342641,-1.397873402,5.470183372,1,3,2,1,4,5,-0.1494799107,-0.5741640925,-0.8730255365,-0.1728595793,-2.646594286,-2.646594286,3.333152533,1,4,2,1,3,5,-0.169040978,-0.1732588708,-2.652917862,-0.003087953664,-0.0267927032,-0.07608550042,-0.09523958713,-2.965258121,3.648804188,3,3,1,5,,,-0.3305410147,-1.859476447,3.782505274,2,2,1,4,5,
888,3.5,3.65,3.1,4.4,4.6,21122.00385,1,72,3,1.92724824,-0.08277645707,0.2784264386,0.5816916823,1.327355266,1.064042091,-0.4072439969,1.097183347,0,0.02956972271,-0.07178839296,0.1379993707,2.898827553,2,0.02109321952,0.5881398916,3.400620699,-3.031393766,3,4,5,2,,,-0.294215709,-0.4225429893,-1.397873402,5.470183372,1,3,2,1,4,5,-0.009959391318,-0.1960307956,-0.289226681,-0.05537663028,-0.8478527665,-2.646594286,3.333152533,2,2,1,3,5,,-0.05257715285,-0.05435235426,-0.8322359324,0.07577618212,0.6574738026,0.7674012184,0.9605900049,-2.965258121,3.648804188,3,3,1,5,,,-0.8915393949,-1.859476447,3.782505274,1,3,2,1,4,5
889,3,4.016666667,4.3,3.5,4.5,22812.66522,1,72,3,2.507132769,-0.7981285453,1.26073277,2.336165667,-0.2807866931,0.8667362928,-0.3117889762,1.955909848,0,0.07780575007,-0.07178839296,0.1379993707,4.278370857,4,0.05633765087,1.570856333,3.400620699,-3.031393766,4,5,2,,,,-0.2961091101,-0.4252622426,-1.397873402,5.470183372,1,3,2,1,4,5,-0.07848040015,-0.2645517886,-0.3950160444,-0.09985677898,-1.528873205,-2.646594286,3.333152533,1,4,2,1,3,5,-0.09771347791,-0.09948868304,-1.523357868,-0.06813266128,-0.591154635,0.04561148584,0.05709390715,-2.965258121,3.648804188,3,3,1,5,,,0.06796959788,-1.859476447,3.782505274,2,2,1,4,5,
890,3.5,3.966666667,2.8,4.2,4.4,24202.83929,1,72,3,2.138089895,-0.08277645707,1.12678194,0.1430731863,0.9699904323,0.6694304347,-0.2332995236,1.409409761,0,0.03282573819,-0.07178839296,0.1379993707,2.991949081,2,0.04300058633,1.198980451,3.400620699,-3.031393766,4,5,2,,,,-0.1832577735,-0.263188839,-1.397873402,5.470183372,1,3,2,1,4,5,-0.02041470446,-0.2064861059,-0.3053686023,-0.07177065313,-1.098856091,-2.646594286,3.333152533,2,2,1,3,5,,-0.0701669082,-0.07194210589,-1.101568103,0.1123514399,0.9748198986,1.083467364,1.356223941,-2.965258121,3.648804188,4,1,5,,,,0.2113063335,-1.859476447,3.782505274,2,2,1,4,5,
892,4.2,3.75,2.2,4,3.4,32556.43408,1,128,4,0.6408699155,0.9187164903,0.546328187,-0.7341638803,0.6126255393,-1.303627729,0.2383457869,-0.8077601194,0,-0.01317038853,-0.07178839296,0.1379993707,1.676466584,1,-0.006431531161,-0.1793296486,3.400620699,-3.031393766,3,4,5,2,,,0.2320850939,0.3333130479,-1.397873402,5.470183372,2,2,1,4,5,,0.06571973115,0.3150514364,0.4998316765,-0.03106514737,-0.4756278992,-2.646594286,3.333152533,2,2,1,3,5,,-0.03270358592,-0.03026048467,-0.4633441865,0.07654386759,0.6641346812,0.296160996,0.3707177937,-2.965258121,3.648804188,3,3,1,5,,,0.01207047328,-1.859476447,3.782505274,2,2,1,4,5,
893,3.9,3.533333333,2.8,3.3,3.9,17355.40313,1,32,2,1.246423483,0.4895052314,-0.03412557766,0.1430731863,-0.6381515861,-0.3170986474,-0.6199068427,0.08897862583,0,-0.01102383528,-0.07178839296,0.1379993707,1.737857699,1,-0.009344047867,-0.2605390251,3.400620699,-3.031393766,3,4,5,2,,,-0.3936705291,-0.5653767586,-1.397873402,5.470183372,1,3,2,1,4,5,0.03902445361,-0.3856597543,-0.5819942951,0.0226954557,0.3474824131,-2.646594286,3.333152533,3,1,3,5,,,0.02695681714,0.02273891866,0.3481761813,-0.03929163143,-0.3409147561,-0.2334414124,-0.2922089398,-2.965258121,3.648804188,3,3,1,5,,,-0.3747987747,-1.859476447,3.782505274,2,2,1,4,5,
894,3.6,3.916666667,2.6,2.5,3.7,20121.12914,1,32,2,1.552647471,0.06029396132,0.9928310513,-0.1493391693,-2.067611217,-0.7117102742,-0.4637535214,0.5424528122,0,-0.004847653676,-0.07178839296,0.1379993707,1.914495587,1,0.02230498567,0.6219273806,3.400620699,-3.031393766,3,4,5,2,,,-0.3311808407,-0.4756311178,-1.397873402,5.470183372,1,3,2,1,4,5,-0.007480894681,-0.4321650863,-0.6537936926,0.02487464808,0.3808472753,-2.646594286,3.333152533,3,1,3,5,,,0.02806258202,0.02384468168,0.3651074767,-0.06221217662,-0.5397854447,-0.2692258954,-0.3370019495,-2.965258121,3.648804188,2,4,3,1,5,,0.1288218945,-1.859476447,3.782505274,2,2,1,4,5,
895,3.7,2.933333333,3.3,3.3,2.6,51659.75664,1,200,5,2.416461468,0.2033643872,-1.641535997,0.874104023,-0.6381515861,-2.882074356,1.316922426,1.821638584,0,-0.02089149505,-0.07178839296,0.1379993707,1.455644011,1,-0.08437056839,-2.352494955,3.400620699,-3.031393766,1,3,1,4,5,2,0.9554804564,1.372229815,-1.397873402,5.470183372,3,1,4,5,,,0.03626857698,1.166896582,1.814992905,0.01150053553,0.1760807931,-2.646594286,3.333152533,3,1,3,5,,,0.002447751584,0.01359825116,0.2082153857,-0.2388243824,-2.072165489,-1.098714471,-1.375309467,-2.965258121,3.648804188,2,4,3,1,5,,1.012368917,-1.859476447,3.782505274,3,1,4,5,,
896,3.7,3.25,3.5,3.8,4.8,18602.19102,1,32,2,1.505940676,0.2033643872,-0.7931804657,1.166516423,0.2552606463,1.458653688,-0.549513042,0.4732866883,0,0.007960734889,-0.07178839296,0.1379993707,2.280813694,2,-0.01053044572,-0.2936192155,3.400620699,-3.031393766,3,4,5,2,,,-0.3577468395,-0.513784349,-1.397873402,5.470183372,1,3,2,1,4,5,0.02581326291,-0.398870945,-0.6023910046,0.02754081972,0.4216681421,-2.646594286,3.333152533,3,1,3,5,,,0.03131828085,0.02710038051,0.414958328,-0.04252868146,-0.3690011203,-0.1584291756,-0.1983128041,-2.965258121,3.648804188,3,3,1,5,,,-0.7672474384,-1.859476447,3.782505274,1,3,2,1,4,5
897,3.6,4.133333333,2.4,4.3,4,23390.27705,1,72,3,0.8864052892,0.06029396132,1.573284864,-0.4417515099,1.148672819,-0.119792819,-0.2791769207,-0.4441571534,0,0.02872876637,-0.07178839296,0.1379993707,2.874776363,2,0.04674690962,1.303438783,3.400620699,-3.031393766,4,5,2,,,,-0.2095000148,-0.3008770943,-1.397873402,5.470183372,1,3,2,1,4,5,-0.01463453099,-0.2007059306,-0.2964445949,-0.09626883268,-1.473939419,-2.646594286,3.333152533,1,4,2,1,3,5,-0.09434971213,-0.09612490982,-1.471852183,0.1541791558,1.33773911,0.8922650218,1.116887569,-2.965258121,3.648804188,4,1,5,,,,-0.4724653661,-1.859476447,3.782505274,2,2,1,4,5,
898,4.2,3.866666667,2.2,4.3,4.6,7994.762019,1,12,1,0,0.9187164903,0.8588802218,-0.7341638803,1.148672819,1.064042091,-1.148410201,-1.756797314,0,-0.002785978373,-0.07178839296,0.1379993707,1.973459125,1,0.02920040861,0.814191699,3.400620699,-3.031393766,3,4,5,2,,,-0.7397225499,-1.062365413,-1.397873402,5.470183372,1,3,2,1,4,5,0.06186777353,-0.6670438051,-1.016422272,-0.01682267897,-0.257566303,-2.646594286,3.333152533,2,2,1,3,5,,-0.008928282186,-0.01575898193,-0.2412989587,0.1871456504,1.623773694,0.7786309719,0.9746468067,-2.965258121,3.648804188,3,3,1,5,,,-1.384795666,-1.859476447,3.782505274,1,3,2,1,4,5
899,3.7,3.166666667,2.6,3.8,3.8,31302.44472,1,128,4,1.069044948,0.2033643872,-1.016431928,-0.1493391693,0.2552606463,-0.5144044757,0.1675453484,-0.1736937761,0,-0.02178268507,-0.07178839296,0.1379993707,1.430156112,1,-0.03907306492,-1.08946991,3.400620699,-3.031393766,2,1,4,5,2,,0.1455113143,0.2089786083,-1.397873402,5.470183372,2,2,1,4,5,,0.02856466174,0.2778963745,0.4424680769,0.02776544355,0.4251072705,-2.646594286,3.333152533,3,1,3,5,,,0.026613703,0.02905680239,0.4449148476,-0.04060459137,-0.3523066938,-0.3076534569,-0.3851034343,-2.965258121,3.648804188,2,4,3,1,5,,0.6598529816,-1.859476447,3.782505274,3,1,4,5,,
900,3.9,3.183333333,2.7,3.6,4.5,5830.25213,1,12,1,0.5175491571,0.4895052314,-0.971781671,-0.003132989397,-0.1021042541,0.8667362928,-1.270618796,-0.9903806448,0,-0.02571213059,-0.07178839296,0.1379993707,1.317774534,1,-0.02535754628,-0.7070416212,3.400620699,-3.031393766,2,1,4,5,2,,-0.8363115788,-1.201083422,-1.397873402,5.470183372,1,3,2,1,4,5,0.05058032647,-0.6924712062,-1.05567956,0.06607961655,1.011722565,-2.646594286,3.333152533,4,3,5,,,,0.07481410354,0.0679834038,1.040954232,-0.01706869528,-0.148096934,-0.3586678505,-0.4489603937,-2.965258121,3.648804188,2,4,3,1,5,,-0.704252243,-1.859476447,3.782505274,2,2,1,4,5,
902,3.4,3.566666667,2.2,3.7,3.7,19238.07156,1,32,2,0.5345224738,-0.2258468717,0.05517499894,-0.7341638803,0.07657819241,-0.7117102742,-0.5136110783,-0.9652455449,0,-0.009266381152,-0.07178839296,0.1379993707,1.788120627,1,-0.003879372962,-0.1081681177,3.400620699,-3.031393766,3,4,5,2,,,-0.3769915104,-0.5414229035,-1.397873402,5.470183372,1,3,2,1,4,5,-0.01849096455,-0.4431751668,-0.6707921624,-0.0126443645,-0.1935935616,-2.646594286,3.333152533,3,1,3,5,,,-0.009113700129,-0.01333160046,-0.204131186,0.02036171034,0.1766688526,-0.1088097468,-0.1362019777,-2.965258121,3.648804188,3,3,1,5,,,-0.2369175702,-1.859476447,3.782505274,2,2,1,4,5,
903,4,3.35,4,4.3,3.9,35836.48364,1,128,4,0.9258201122,0.6325756311,-0.5252787471,1.897547245,1.148672819,-0.3170986474,0.42353791,-0.3857893944,0,0.02854649723,-0.07178839296,0.1379993707,2.86956358,2,-0.02593895048,-0.7232528329,3.400620699,-3.031393766,2,1,4,5,2,,0.3519899547,0.5055164695,-1.397873402,5.470183372,2,2,1,4,5,,0.05636049807,0.3056921959,0.4853819907,-0.05937319621,-0.9090428352,-2.646594286,3.333152533,2,2,1,3,5,,-0.06228467822,-0.05984157696,-0.9162862301,-0.06890745461,-0.5978771448,-0.544855237,-0.6820193529,-2.965258121,3.648804188,2,4,3,1,5,,0.03248392045,-1.859476447,3.782505274,2,2,1,4,5,
904,4.2,3.066666667,1.7,3.5,4.2,10826.51338,1,12,1,1.851640224,0.9187164903,-1.284333706,-1.465194702,-0.2807866931,0.2748188078,-0.9885290265,0.9852185845,0,-0.06806471199,-0.07178839296,0.1379993707,0.1064967439,0,-0.04573319107,-1.275173426,3.400620699,-3.031393766,2,1,4,5,2,,-0.6017120481,-0.8641592264,-1.397873402,5.470183372,1,3,2,1,4,5,0.08828119934,-0.6571844816,-1.001200438,0.1210952476,1.854048133,-2.646594286,3.333152533,4,3,5,,,,0.1278905869,0.1210598946,1.853654861,0.02906956896,0.2522228062,0.4354717433,0.5450991988,-2.965258121,3.648804188,3,3,1,5,,,-0.5778824091,-1.859476447,3.782505274,2,2,1,4,5,
906,4,3.566666667,2.5,3.7,3.8,56897.0465,1,200,5,0,0.6325756311,0.05517499894,-0.2955453396,0.07657819241,-0.5144044757,1.612620711,-1.756797314,0,-0.01376964245,-0.07178839296,0.1379993707,1.659327984,1,-0.01015248615,-0.2830806077,3.400620699,-3.031393766,3,4,5,2,,,1.174816132,1.687232614,-1.397873402,5.470183372,3,1,4,5,,,0.04920686409,1.179834843,1.834968209,0.01778133959,0.2722440362,-2.646594286,3.333152533,3,1,3,5,,,0.006695866585,0.01784636639,0.2732620239,0.02024127916,0.1756239384,-0.3074813783,-0.3848880231,-2.965258121,3.648804188,2,4,3,1,5,,1.040344477,-1.859476447,3.782505274,3,1,4,5,,
908,4.2,3.433333333,1.9,3.1,4.5,32581.54033,1,128,4,1.767766953,0.9187164903,-0.3020273149,-1.172782421,-0.995516479,0.8667362928,0.2397632897,0.8610141873,0,-0.05132983625,-0.07178839296,0.1379993707,0.5851117969,0,-0.008864115924,-0.2471571416,3.400620699,-3.031393766,3,4,5,2,,,0.2435298264,0.3497495949,-1.397873402,5.470183372,2,2,1,4,5,,0.0761750415,0.3255067468,0.5159736276,0.1250673234,1.914863229,-2.646594286,3.333152533,4,3,5,,,,0.1234191433,0.1258622408,1.9271878,0.04465639591,0.3874622583,0.5058502555,0.6331951022,-2.965258121,3.648804188,3,3,1,5,,,0.1455750316,-1.859476447,3.782505274,2,2,1,4,5,
909,3.2,3.45,3.3,4.3,4,20262.87166,2,32,2,0.5345224738,-0.5119876862,-0.2573770285,0.874104023,1.148672819,-0.119792819,-0.4557507336,-0.9652455449,1,0.0604172796,-0.07178839296,0.1379993707,3.781063318,3,-0.004241014831,-0.1182517335,3.400620699,-3.031393766,3,4,5,2,,,-0.3553189635,-0.5102974772,-1.397873402,5.470183372,1,3,2,1,4,5,-0.03720494732,-0.4618891478,-0.6996846199,-0.07482741028,-1.145657063,-2.646594286,3.333152533,2,2,1,3,5,,-0.07169448584,-0.07591238618,-1.162360549,-0.01847249642,-0.1602770537,-0.3615191877,-0.4525295496,-2.965258121,3.648804188,2,4,3,1,5,,0.2329780757,-1.859476447,3.782505274,2,2,1,4,5,
910,4.8,3.5,3.1,3.5,4,39658.49262,1,128,4,0.8345229626,1.777138948,-0.1234261543,0.5816916823,-0.2807866931,-0.119792819,0.6393291354,-0.5209875107,0,-0.02043979988,-0.07178839296,0.1379993707,1.468562365,1,-0.02259723842,-0.6300762296,3.400620699,-3.031393766,2,1,4,5,2,,0.5879234672,0.8443564773,-1.397873402,5.470183372,2,2,1,4,5,,0.141671747,0.3910034597,0.6170938015,0.04826826975,0.7390190959,-2.646594286,3.333152533,3,1,3,5,,,0.04387339577,0.04631649703,0.7091931701,-0.01777164452,-0.1541960984,-0.2458939552,-0.3077963293,-2.965258121,3.648804188,3,3,1,5,,,0.6522649527,-1.859476447,3.782505274,3,1,4,5,,
911,3.6,3.95,3,4.1,3.8,39719.02562,1,128,4,1.846811891,0.06029396132,1.082131624,0.4354855418,0.7913079858,-0.5144044757,0.6427468657,0.9780685306,0,0.03396754339,-0.07178839296,0.1379993707,3.024604559,3,0.02723043971,0.7592632771,3.400620699,-3.031393766,3,4,5,2,,,0.4400558472,0.6319938302,-1.397873402,5.470183372,2,2,1,4,5,,-0.008581453934,0.2407502532,0.3851183057,-0.08904400468,-1.363322496,-2.646594286,3.333152533,2,2,1,3,5,,-0.09346237034,-0.0910192728,-1.393675327,0.05406315997,0.4690802693,0.5963273048,0.7464492321,-2.965258121,3.648804188,3,3,1,5,,,1.142041922,-1.859476447,3.782505274,3,1,4,5,,
912,2.3,3.9,2.6,4.4,3.5,19652.38778,2,32,2,2.267786741,-1.799621463,0.9481807947,-0.1493391693,1.327355266,-1.106321931,-0.4902187586,1.601472378,1,0.08303785324,-0.07178839296,0.1379993707,4.428008556,4,0.03487658128,0.9724597931,3.400620699,-3.031393766,4,5,2,,,,-0.4957819283,-0.7120258212,-1.397873402,5.470183372,1,3,2,1,4,5,-0.153609246,-0.5782934427,-0.8794008493,-0.1593045443,-2.439057827,-2.646594286,3.333152533,1,4,2,1,3,5,-0.1559346914,-0.1601525843,-2.452236176,0.04904245213,0.4255179763,0.7195065618,0.9006381631,-2.965258121,3.648804188,3,3,1,5,,,-0.3820152581,-1.859476447,3.782505274,2,2,1,4,5,
913,4,3.75,2.9,3.4,4.3,10008.61926,1,12,1,1.164964795,0.6325756311,0.546328187,0.2892793417,-0.4594691396,0.4721246362,-1.034707427,-0.03165011108,0,0.001579572097,-0.07178839296,0.1379993707,2.098313332,2,0.01585557871,0.442099303,3.400620699,-3.031393766,3,4,5,2,,,-0.6790720224,-0.9752610922,-1.397873402,5.470183372,1,3,2,1,4,5,0.04315378517,-0.6881719232,-1.049041867,0.00932075642,0.1427069455,-2.646594286,3.333152533,3,1,3,5,,,0.01643353887,0.009602839127,0.147038132,0.01609856635,0.1396795958,0.0968471691,0.1212278754,-2.965258121,3.648804188,3,3,1,5,,,-0.4429593682,-1.859476447,3.782505274,2,2,1,4,5,
914,3.2,3.8,3,3.7,2.9,62536.24121,1,200,5,1.246423483,-0.5119876862,0.6802790165,0.4354855418,0.07657819241,-2.290156841,1.931010485,0.08897862583,0,0.02911658026,-0.07178839296,0.1379993707,2.885867834,2,0.000953157607,0.0265767891,3.400620699,-3.031393766,3,4,5,2,,,1.299084544,1.865702868,-1.397873402,5.470183372,3,1,4,5,,,-0.04876082018,1.081867218,1.683716297,-0.09457952529,-1.448074937,-2.646594286,3.333152533,2,2,1,3,5,,-0.1078536734,-0.09670317173,-1.480706453,-0.06396171451,-0.5549653172,-0.3939793408,-0.4931613505,-2.965258121,3.648804188,2,4,3,1,5,,1.267464876,-1.859476447,3.782505274,3,1,4,5,,
915,4.4,3.8,2.2,4,4.9,9529.63056,1,12,1,1.035098314,1.204857349,0.6802790165,-0.7341638803,0.6126255393,1.655959487,-1.061751246,-0.2239639014,0,-0.01515617128,-0.07178839296,0.1379993707,1.619673371,1,0.02735649608,0.7627781034,3.400620699,-3.031393766,3,4,5,2,,,-0.6544675231,-0.9399248958,-1.397873402,5.470183372,1,3,2,1,4,5,0.08663483709,-0.6436562538,-0.9803143144,0.03237230331,0.4956413507,-2.646594286,3.333152533,3,1,3,5,,,0.03967099264,0.0328402929,0.5028471947,0.1758178025,1.525487304,1.088124514,1.362053514,-2.965258121,3.648804188,4,1,5,,,,-0.4426560402,-1.859476447,3.782505274,2,2,1,4,5,
918,3.3,3.716666667,3.3,3.6,3.9,7604.820942,1,12,1,0.9161253572,-0.3689172864,0.4570276141,0.874104023,-0.1021042541,-0.3170986474,-1.17042625,-0.4001459479,0,0.02994991466,-0.07178839296,0.1379993707,2.909701109,2,0.01428167056,0.398214221,3.400620699,-3.031393766,3,4,5,2,,,-0.8516839743,-1.223160744,-1.397873402,5.470183372,1,3,2,1,4,5,-0.03472645208,-0.7667419314,-1.170345902,-0.06117298082,-0.9365987182,-2.646594286,3.333152533,2,2,1,3,5,,-0.05312724039,-0.05995794013,-0.9180679917,-0.04632978514,-0.401981473,-0.4015225768,-0.5026035309,-2.965258121,3.648804188,2,4,3,1,5,,-0.3377372026,-1.859476447,3.782505274,2,2,1,4,5,
919,4.3,3.233333333,3.5,4.8,4,8868.100909,2,12,1,0.5175491571,1.06178689,-0.8378307819,1.166516423,2.042085171,-0.119792819,-1.099101305,-0.9903806448,1,0.03987937048,-0.07178839296,0.1379993707,3.193681955,3,-0.03765913844,-1.05004549,3.400620699,-3.031393766,2,1,4,5,2,,-0.6731113195,-0.9667004943,-1.397873402,5.470183372,1,3,2,1,4,5,0.09406136721,-0.6479555368,-0.9869519472,-0.057079833,-0.8739299178,-2.646594286,3.333152533,2,2,1,3,5,,-0.04952439293,-0.05635509267,-0.862901628,0.01263822336,0.1096558422,-0.1653532833,-0.2069800198,-2.965258121,3.648804188,3,3,1,5,,,-0.9051514268,-1.859476447,3.782505274,1,3,2,1,4,5
920,3.4,3.633333333,1.6,4,4.5,41115.05132,1,128,4,0.7071067691,-0.2258468717,0.2337761521,-1.611400843,0.6126255393,0.8667362928,0.7215666771,-0.709672749,0,-0.01844652742,-0.07178839296,0.1379993707,1.525569677,1,0.01895472407,0.5285124183,3.400620699,-3.031393766,3,4,5,2,,,0.482961446,0.6936134696,-1.397873402,5.470183372,2,2,1,4,5,,-0.02069208212,0.2286396176,0.366420716,0.02837821841,0.4344892502,-2.646594286,3.333152533,3,1,3,5,,,0.02341802791,0.0258611273,0.3959830403,0.1484075189,1.287661314,0.7883278131,0.9867847562,-2.965258121,3.648804188,3,3,1,5,,,1.040014625,-1.859476447,3.782505274,3,1,4,5,,
921,3.3,3.55,2.7,3.6,3.7,27874.46303,2,72,3,0.3535533845,-0.3689172864,0.01052471064,-0.003132989397,-0.1021042541,-0.7117102742,-0.02599905431,-1.233235002,1,0.034533225,-0.07178839296,0.1379993707,3.040783167,3,-0.003854004433,-0.107460767,3.400620699,-3.031393766,3,4,5,2,,,-0.04737099633,-0.06803267449,-1.397873402,5.470183372,1,3,2,1,4,5,-0.02922365628,-0.2152950615,-0.3189687133,-0.02309105918,-0.3535393476,-2.646594286,3.333152533,2,2,1,3,5,,-0.02291233651,-0.02468753792,-0.3780119121,-0.03269591928,-0.2836869061,-0.5210739374,-0.6522512436,-2.965258121,3.648804188,2,4,3,1,5,,-0.5622028708,-1.859476447,3.782505274,2,2,1,4,5,
922,4.5,3.95,2.1,3.9,4.4,46689.76551,1,200,5,1.407885909,1.34792769,1.082131624,-0.8803700209,0.433943063,0.6694304347,1.036315918,0.3280815184,0,-0.0146752866,-0.07178839296,0.1379993707,1.633426666,1,0.02755816095,0.7684010863,3.400620699,-3.031393766,3,4,5,2,,,0.8163138032,1.172363281,-1.397873402,5.470183372,2,2,1,4,5,,0.0929652825,1.223593235,1.902526736,0.02201632969,0.3370845318,-2.646594286,3.333152533,3,1,3,5,,,0.01489248872,0.02604298852,0.3987676799,0.1688790917,1.465283394,1.180982947,1.478288531,-2.965258121,3.648804188,4,1,5,,,,0.6922771931,-1.859476447,3.782505274,3,1,4,5,,
924,3.7,3.233333333,2.4,3.2,4.1,11224.23064,1,12,1,0.3535533845,0.2033643872,-0.8378307819,-0.4417515099,-0.8168340325,0.07751300186,-0.9660738707,-1.233235002,0,-0.034002956,-0.07178839296,0.1379993707,1.080658078,1,-0.02705829404,-0.7544633746,3.400620699,-3.031393766,2,1,4,5,2,,-0.6479560137,-0.9305732846,-1.397873402,5.470183372,1,3,2,1,4,5,0.0263635423,-0.7156533599,-1.09147048,0.07496692985,1.147793174,-2.646594286,3.333152533,4,3,5,,,,0.08160790801,0.07477720827,1.144980073,-0.05031143874,-0.4365283847,-0.6357050538,-0.7957401276,-2.965258121,3.648804188,2,4,3,1,5,,-0.8411278129,-1.859476447,3.782505274,1,3,2,1,4,5
925,3,3.683333333,2.3,4.1,3.9,20102.04658,1,32,2,1.388730168,-0.7981285453,0.3677270114,-0.5879576802,0.7913079858,-0.3170986474,-0.464830935,0.2997145951,0,0.01432350092,-0.07178839296,0.1379993707,2.462787867,2,0.0157385692,0.4388367534,3.400620699,-3.031393766,3,4,5,2,,,-0.3919267952,-0.5628724694,-1.397873402,5.470183372,1,3,2,1,4,5,-0.06747480482,-0.492159009,-0.7464181781,-0.060595382,-0.9277552962,-2.646594286,3.333152533,2,2,1,3,5,,-0.05740004405,-0.06161794439,-0.9434857368,0.06204981729,0.538376689,0.478711158,0.5992239118,-2.965258121,3.648804188,3,3,1,5,,,-0.5442045331,-1.859476447,3.782505274,2,2,1,4,5,
926,1.9,3.483333333,2.6,3.5,3.4,37458.38871,1,128,4,0.8345229626,-2.371903181,-0.1680764407,-0.1493391693,-0.2807866931,-1.303627729,0.5151109099,-0.5209875107,0,0.02774250507,-0.07178839296,0.1379993707,2.846569538,2,0.003817505902,0.1064430922,3.400620699,-3.031393766,3,4,5,2,,,0.1745632738,0.2507020831,-1.397873402,5.470183372,2,2,1,4,5,,-0.1849841326,0.06434756517,0.1127707139,-0.06798822433,-1.040944576,-2.646594286,3.333152533,2,2,1,3,5,,-0.07152919471,-0.06908609718,-1.057837248,-0.1008379608,-0.8749229312,-0.7864390612,-0.9844205379,-2.965258121,3.648804188,2,4,3,1,5,,0.05363671482,-1.859476447,3.782505274,2,2,1,4,5,
927,4.5,3.85,1.9,3.5,4.7,29270.60818,2,128,4,1.511857867,1.34792769,0.8142299056,-1.172782421,-0.2807866931,1.26134789,0.05282752588,0.4820492268,1,-0.001905653626,-0.07178839296,0.1379993707,1.998636365,1,0.02576498874,0.7184022665,3.400620699,-3.031393766,3,4,5,2,,,0.1331405789,0.1912121624,-1.397873402,5.470183372,2,2,1,4,5,,0.09626696259,0.3455986679,0.5469934344,0.07405807823,1.133878112,-2.646594286,3.333152533,4,3,5,,,,0.07369492948,0.07613802701,1.165816784,0.154391706,1.339583278,1.125199795,1.408462286,-2.965258121,3.648804188,4,1,5,,,,0.3639905453,-1.859476447,3.782505274,2,2,1,4,5,
928,3.9,3.65,1.6,3.3,3.2,34055.30671,1,128,4,1.669045925,0.4895052314,0.2784264386,-1.611400843,-0.6381515861,-1.698239326,0.3229723871,0.7148223519,0,-0.03984184936,-0.07178839296,0.1379993707,0.9136665463,0,-0.01482553873,-0.4133788347,3.400620699,-3.031393766,3,4,5,2,,,0.2606072128,0.3742755651,-1.397873402,5.470183372,2,2,1,4,5,,0.03517249599,0.284504205,0.4526698887,0.02888236567,0.4422080815,-2.646594286,3.333152533,3,1,3,5,,,0.02666219138,0.02910529077,0.4456572831,0.02994845062,0.2598484457,0.3735919297,0.4676415324,-2.965258121,3.648804188,3,3,1,5,,,0.3117829859,-1.859476447,3.782505274,2,2,1,4,5,
929,4.1,3.3,2.3,3.6,3.5,37886.75851,1,128,4,1.356202722,0.7756460309,-0.6592296362,-0.5879576802,-0.1021042541,-1.106321931,0.5392967463,0.2515460551,0,-0.03598197922,-0.07178839296,0.1379993707,1.024058342,1,-0.04014295712,-1.119301558,3.400620699,-3.031393766,2,1,4,5,2,,0.4457234442,0.6401334405,-1.397873402,5.470183372,2,2,1,4,5,,0.06929430366,0.3186260164,0.5053504705,0.04192602634,0.6419151425,-2.646594286,3.333152533,3,1,3,5,,,0.03821879253,0.04066189378,0.622610569,-0.02219755389,-0.1925975978,-0.08156168461,-0.1020943671,-2.965258121,3.648804188,3,3,1,5,,,0.6428195834,-1.859476447,3.782505274,3,1,4,5,,
930,3.8,3.466666667,3.4,4.2,4.6,8321.494162,1,12,1,0.5,0.3464348018,-0.2127267271,1.020310163,0.9699904323,1.064042091,-1.129962802,-1.016368389,0,0.01966806129,-0.07178839296,0.1379993707,2.615641594,2,0.001685990486,0.04701028764,3.400620699,-3.031393766,3,4,5,2,,,-0.7587714195,-1.089722753,-1.397873402,5.470183372,1,3,2,1,4,5,0.02994259819,-0.7072460055,-1.078490376,-0.02783469856,-0.4261676073,-2.646594286,3.333152533,2,2,1,3,5,,-0.02006711066,-0.0268978104,-0.41185534,0.01966332272,0.1706092805,-0.1261351407,-0.157888934,-2.965258121,3.648804188,3,3,1,5,,,-1.358137727,-1.859476447,3.782505274,1,3,2,1,4,5
932,3.6,4.05,2.5,3.9,3.5,47586.99374,1,200,5,0,0.06029396132,1.350033402,-0.2955453396,0.433943063,-1.106321931,1.086973548,-1.756797314,0,0.02118409798,-0.07178839296,0.1379993707,2.65899992,2,0.02902361378,0.8092621565,3.400620699,-3.031393766,3,4,5,2,,,0.7468243837,1.07256484,-1.397873402,5.470183372,2,2,1,4,5,,-0.01188313216,1.11874485,1.740651608,-0.07834859937,-1.199568748,-2.646594286,3.333152533,2,2,1,3,5,,-0.08582066745,-0.07467016578,-1.143339753,0.07201290131,0.6248216629,0.02941691875,0.03682245314,-2.965258121,3.648804188,3,3,1,5,,,0.9124236703,-1.859476447,3.782505274,3,1,4,5,,
933,3.2,3.933333333,2.3,3.3,3.7,22007.47365,1,72,3,0.4629100561,-0.5119876862,1.037481308,-0.5879576802,-0.6381515861,-0.7117102742,-0.3572502136,-1.071293354,0,0.008969580755,-0.07178839296,0.1379993707,2.309666395,2,0.02931043133,0.8172594309,3.400620699,-3.031393766,3,4,5,2,,,-0.3025237024,-0.4344746768,-1.397873402,5.470183372,1,3,2,1,4,5,-0.05316305533,-0.2392344624,-0.3559286892,-0.03378012776,-0.5171960592,-2.646594286,3.333152533,2,2,1,3,5,,-0.03132431954,-0.03309952095,-0.5068151355,0.02055983059,0.1783878505,-0.1340324581,-0.1677743495,-2.965258121,3.648804188,3,3,1,5,,,-0.9491922259,-1.859476447,3.782505274,1,3,2,1,4,5
934,2.8,3.216666667,2.9,3.1,4.2,8582.660995,1,12,1,0.8345229626,-1.084269404,-0.8824810386,0.2892793417,-0.995516479,0.2748188078,-1.115217328,-0.5209875107,0,-0.002442282159,-0.07178839296,0.1379993707,1.983288884,1,-0.01361975539,-0.3797580898,3.400620699,-3.031393766,3,4,5,2,,,-0.8530546427,-1.225129247,-1.397873402,5.470183372,1,3,2,1,4,5,-0.07463292032,-0.8169946671,-1.247931004,0.03512633964,0.5378074646,-2.646594286,3.333152533,3,1,3,5,,,0.0427925624,0.03596186265,0.5506442785,-0.1211612597,-1.051258564,-0.9186908007,-1.149965882,-2.965258121,3.648804188,2,4,3,1,5,,-1.012911797,-1.859476447,3.782505274,1,3,2,1,4,5
935,4,3.016666667,4,2.9,4.4,20920.66852,1,72,3,1.685018063,0.6325756311,-1.418284535,1.897547245,-1.352881312,0.6694304347,-0.4186114073,0.7384748459,0,-0.00986737106,-0.07178839296,0.1379993707,1.770932317,1,-0.04273551702,-1.191589594,3.400620699,-3.031393766,2,1,4,5,2,,-0.224824667,-0.3228858411,-1.397873402,5.470183372,1,3,2,1,4,5,0.0673660934,-0.1187053099,-0.1698440909,0.08721488714,1.335317492,-2.646594286,3.333152533,4,3,5,,,,0.09009250998,0.08831730485,1.352304339,-0.2042806298,-1.772445679,-1.144715548,-1.432891011,-2.965258121,3.648804188,2,4,3,1,5,,-0.254113704,-1.859476447,3.782505274,2,2,1,4,5,
936,3.8,3.65,2.3,2.9,4.2,17692.90114,2,32,2,1.414213538,0.3464348018,0.2784264386,-0.5879576802,-1.352881312,0.2748188078,-0.600851655,0.3374518454,1,0.005646996666,-0.07178839296,0.1379993707,2.214641094,2,0.008219270967,0.229177013,3.400620699,-3.031393766,3,4,5,2,,,-0.3955049217,-0.5680112839,-1.397873402,5.470183372,1,3,2,1,4,5,0.023889523,-0.4007946849,-0.6053610444,0.06656976789,1.019227147,-2.646594286,3.333152533,4,3,5,,,,0.07070013881,0.06648223847,1.017968535,-0.004570315592,-0.03965445235,0.05462212116,0.06837292016,-2.965258121,3.648804188,3,3,1,5,,,-0.4869994223,-1.859476447,3.782505274,2,2,1,4,5,
938,3.9,3.433333333,2,4.4,4.8,8824.367498,1,12,1,3.664501429,0.4895052314,-0.3020273149,-1.026576161,1.327355266,1.458653688,-1.101570487,3.669808388,0,-0.02097787894,-0.07178839296,0.1379993707,1.453173399,1,0.001845967025,0.05147089437,3.400620699,-3.031393766,3,4,5,2,,,-0.7265700698,-1.043476224,-1.397873402,5.470183372,1,3,2,1,4,5,0.04232612997,-0.6955522299,-1.060436368,0.02736407705,0.4189620912,-2.646594286,3.333152533,3,1,3,5,,,0.03493648767,0.0281057898,0.4303530455,0.1570663452,1.362789869,1.939544439,2.42781353,-2.965258121,3.648804188,5,5,,,,,-0.3429555893,-1.859476447,3.782505274,2,2,1,4,5,
939,3.6,3.316666667,3.7,3,3.9,35257.01783,1,128,4,0.9161253572,0.06029396132,-0.61457932,1.458928704,-1.174198866,-0.3170986474,0.3908211887,-0.4001459479,0,0.006158294156,-0.07178839296,0.1379993707,2.229264021,2,-0.02307588793,-0.6434223652,3.400620699,-3.031393766,2,1,4,5,2,,0.2851223648,0.4094834328,-1.397873402,5.470183372,2,2,1,4,5,,0.01232917234,0.2616608739,0.4174021482,0.02781437896,0.4258565009,-2.646594286,3.333152533,3,1,3,5,,,0.02512779832,0.02757089771,0.4221628308,-0.1732590199,-1.503286004,-1.227501035,-1.536517262,-2.965258121,3.648804188,2,4,3,1,5,,-0.2598804235,-1.859476447,3.782505274,2,2,1,4,5,
942,3.5,3.133333333,1.9,3.8,4,8318.106165,1,12,1,0.9574270844,-0.08277645707,-1.10573256,-1.172782421,0.2552606463,-0.119792819,-1.130154133,-0.338983953,0,-0.03905299678,-0.07178839296,0.1379993707,0.9362276196,0,-0.03469460085,-0.9673856497,3.400620699,-3.031393766,2,1,4,5,2,,-0.7817482948,-1.122721434,-1.397873402,5.470183372,1,3,2,1,4,5,0.007099278737,-0.7369868755,-1.124407172,0.05021649972,0.7688477635,-2.646594286,3.333152533,3,1,3,5,,,0.05798540264,0.0511547029,0.783275187,0.01572048478,0.1363991499,0.01755337417,0.02197233029,-2.965258121,3.648804188,3,3,1,5,,,-0.6838571429,-1.859476447,3.782505274,2,2,1,4,5,
944,3.7,2.866666667,2.2,4.2,3.9,44790.91934,1,200,5,2.295181274,0.2033643872,-1.820137143,-0.7341638803,0.9699904323,-0.3170986474,0.9291067719,1.642039776,0,-0.04107327387,-0.07178839296,0.1379993707,0.8784480095,0,-0.06176350266,-1.722144723,3.400620699,-3.031393766,2,1,4,5,2,,0.686986208,0.9866271615,-1.397873402,5.470183372,2,2,1,4,5,,0.03846969455,1.169097662,1.818391085,0.05668196455,0.8678383231,-2.646594286,3.333152533,3,1,3,5,,,0.05029510334,0.06144560128,0.9408481717,-0.008532050066,-0.07402853668,0.3549885452,0.4443548322,-2.965258121,3.648804188,3,3,1,5,,,0.3873809278,-1.859476447,3.782505274,2,2,1,4,5,
946,3.8,3.183333333,2.4,3.3,4.5,14470.7222,1,32,2,0.7559289336,0.3464348018,-0.971781671,-0.4417515099,-0.6381515861,0.8667362928,-0.7827764153,-0.6373741031,0,-0.03695431352,-0.07178839296,0.1379993707,0.9962496758,0,-0.02395138331,-0.6678336859,3.400620699,-3.031393766,2,1,4,5,2,,-0.507080555,-0.7282525301,-1.397873402,5.470183372,1,3,2,1,4,5,0.03929735348,-0.3853868544,-0.5815729499,0.09708763659,1.486475825,-2.646594286,3.333152533,4,3,5,,,,0.1024685949,0.09825069457,1.504403234,-0.02221639454,-0.1927610785,-0.3039143384,-0.3804230094,-2.965258121,3.648804188,2,4,3,1,5,,-0.781888783,-1.859476447,3.782505274,1,3,2,1,4,5
947,3.4,3.35,2.4,3.9,4.2,12410.11122,1,12,1,0.9258201122,-0.2258468717,-0.5252787471,-0.4417515099,0.433943063,0.2748188078,-0.8991188407,-0.3857893944,0,-0.01062760502,-0.07178839296,0.1379993707,1.749189734,1,-0.0110103786,-0.3070011437,3.400620699,-3.031393766,3,4,5,2,,,-0.6389222741,-0.9175993204,-1.397873402,5.470183372,1,3,2,1,4,5,-0.0113373287,-0.7509400845,-1.145949483,0.009658303112,0.1478749961,-2.646594286,3.333152533,3,1,3,5,,,0.01583902352,0.009008322842,0.1379349679,0.02219155058,0.1925455034,0.04796177894,0.0600358732,-2.965258121,3.648804188,3,3,1,5,,,-0.6918455958,-1.859476447,3.782505274,2,2,1,4,5,
948,3,3.683333333,2.4,4,3.9,30341.54028,1,128,4,2.531938791,-0.7981285453,0.3677270114,-0.4417515099,0.6126255393,-0.3170986474,0.1132925227,1.992644072,0,0.01557692047,-0.07178839296,0.1379993707,2.49863553,2,0.0157385692,0.4388367534,3.400620699,-3.031393766,3,4,5,2,,,0.01160337403,0.01666438952,-1.397873402,5.470183372,2,2,1,4,5,,-0.06747480482,0.1818569005,0.2941930294,-0.05358985811,-0.8204960823,-2.646594286,3.333152533,2,2,1,3,5,,-0.0543686524,-0.05192555115,-0.7950770259,0.04558983818,0.3955613077,0.7948319912,0.9949263334,-2.965258121,3.648804188,3,3,1,5,,,0.07108056545,-1.859476447,3.782505274,2,2,1,4,5,
949,4.4,3.783333333,3.5,4.6,5,24371.61371,1,72,3,1.908627033,1.204857349,0.6356287599,1.166516423,1.684720159,1.853265405,-0.2237704843,1.069607973,0,0.03094955347,-0.07178839296,0.1379993707,2.938290596,2,0.028139567,0.7846123576,3.400620699,-3.031393766,3,4,5,2,,,-0.06900668144,-0.09910514206,-1.397873402,5.470183372,1,3,2,1,4,5,0.08718511462,-0.09888628125,-0.1392455399,-0.04417780787,-0.6763913631,-2.646594286,3.333152533,2,2,1,3,5,,-0.04263956472,-0.04441476613,-0.6800727844,0.1287643611,1.117226958,1.105322242,1.383580685,-2.965258121,3.648804188,4,1,5,,,,-0.2431004047,-1.859476447,3.782505274,2,2,1,4,5,
950,4.2,3.633333333,2.2,4.1,3.5,29343.84309,1,128,4,1.125991583,0.9187164903,0.2337761521,-0.7341638803,0.7913079858,-1.106321931,0.05696238205,-0.08936390281,0,-0.0171117615,-0.07178839296,0.1379993707,1.56374383,1,-0.01393322926,-0.3884986639,3.400620699,-3.031393766,3,4,5,2,,,0.109331429,0.1570182294,-1.397873402,5.470183372,2,2,1,4,5,,0.06957168877,0.3189033866,0.5057786703,-0.0222729072,-0.3410128951,-2.646594286,3.333152533,2,2,1,3,5,,-0.02266447805,-0.02022137865,-0.3096266389,0.07554461062,0.6554645896,0.4692574739,0.5873903036,-2.965258121,3.648804188,3,3,1,5,,,-0.7848070264,-1.859476447,3.782505274,1,3,2,1,4,5
953,2,3.65,3.5,3.7,3.7,16983.4788,1,32,2,1.302470207,-2.228832722,0.2784264386,1.166516423,0.07657819241,-0.7117102742,-0.6409057975,0.1719758511,0,0.06249061972,-0.07178839296,0.1379993707,3.840360641,3,0.02271088213,0.6332449913,3.400620699,-3.031393766,3,4,5,2,,,-0.6265562177,-0.8998395801,-1.397873402,5.470183372,1,3,2,1,4,5,-0.1792039573,-0.603888154,-0.9189164639,-0.1223849356,-1.873794079,-2.646594286,3.333152533,1,4,2,1,3,5,-0.117979221,-0.1221971214,-1.871066689,-0.1121350452,-0.9729423523,-0.6867128015,-0.8595887423,-2.965258121,3.648804188,2,4,3,1,5,,0.02814042941,-1.859476447,3.782505274,2,2,1,4,5,
954,4.2,3.766666667,2.7,4,3.9,18616.10879,1,32,2,1.069044948,0.9187164903,0.5909784436,-0.003132989397,0.6126255393,-0.3170986474,-0.5487272143,-0.1736937761,0,0.001943667303,-0.07178839296,0.1379993707,2.108726263,2,0.00576858595,0.1608448327,3.400620699,-3.031393766,3,4,5,2,,,-0.3178421557,-0.4564745426,-1.397873402,5.470183372,1,3,2,1,4,5,0.06516945362,-0.3595147431,-0.541629076,-0.03338509798,-0.5111478567,-2.646594286,3.333152533,2,2,1,3,5,,-0.02961303852,-0.03383094072,-0.5180145502,0.06835409254,0.5930758715,0.4013834596,0.5024294257,-2.965258121,3.648804188,3,3,1,5,,,-0.3870897591,-1.859476447,3.782505274,2,2,1,4,5,
955,3.2,3.55,2.5,3.7,4.3,19048.4225,1,32,2,0.7559289336,-0.5119876862,0.01052471064,-0.2955453396,0.07657819241,0.4721246362,-0.5243186951,-0.6373741031,0,0.002898260253,-0.07178839296,0.1379993707,2.136027575,2,0.01053534634,0.2937558889,3.400620699,-3.031393766,3,4,5,2,,,-0.4064810872,-0.5837748647,-1.397873402,5.470183372,1,3,2,1,4,5,-0.04050662369,-0.4651908278,-0.7047820687,-0.001491643488,-0.02283804119,-2.646594286,3.333152533,3,1,3,5,,,0.002112626564,-0.002105273306,-0.03223504871,0.02339495346,0.2029868662,-0.007103376091,-0.008891612291,-2.965258121,3.648804188,3,3,1,5,,,-0.6572247744,-1.859476447,3.782505274,2,2,1,4,5,
956,4.5,3.7,3.2,4.2,4,11740.04045,1,12,1,0.4629100561,1.34792769,0.4123772979,0.7278978825,0.9699904323,-0.119792819,-0.9369511604,-1.071293354,0,0.009765536524,-0.07178839296,0.1379993707,2.332430601,2,-0.001809215639,-0.05044615269,3.400620699,-3.031393766,3,4,5,2,,,-0.5527724028,-0.7938736677,-1.397873402,5.470183372,1,3,2,1,4,5,0.1012194827,-0.6311408877,-0.9609918594,-0.04537174851,-0.6946713924,-2.646594286,3.333152533,2,2,1,3,5,,-0.03893096372,-0.04576166347,-0.7006963491,0.0520692803,0.451780349,0.07101192325,0.08888875693,-2.965258121,3.648804188,3,3,1,5,,,-1.302293301,-1.859476447,3.782505274,1,3,2,1,4,5
957,4.2,3.716666667,3.5,3.5,4.2,9943.022055,1,12,1,0,0.9187164903,0.4570276141,1.166516423,-0.2807866931,0.2748188078,-1.03841114,-1.756797314,0,0.01442381646,-0.07178839296,0.1379993707,2.465656757,2,0.008117797785,0.2263476402,3.400620699,-3.031393766,3,4,5,2,,,-0.657990694,-0.9449847341,-1.397873402,5.470183372,1,3,2,1,4,5,0.06682029366,-0.6651951671,-1.013568163,-0.01351380628,-0.2069052905,-2.646594286,3.333152533,3,1,3,5,,,-0.006375563797,-0.013206264,-0.2022120506,-0.0267703142,-0.2322732657,-0.613404274,-0.7678252459,-2.965258121,3.648804188,2,4,3,1,5,,0.6069910526,-1.859476447,3.782505274,3,1,4,5,,
958,3.3,4.016666667,2.7,3.6,3.7,8597.666096,1,12,1,1.414213538,-0.3689172864,1.26073277,-0.003132989397,-0.1021042541,-0.7117102742,-1.114370108,0.3374518454,0,0.02704175189,-0.07178839296,0.1379993707,2.826528072,2,0.03480824083,0.9705542326,3.400620699,-3.031393766,4,5,2,,,,-0.8224618435,-1.181192875,-1.397873402,5.470183372,1,3,2,1,4,5,-0.0446314849,-0.7704392076,-1.17605412,-0.07899869233,-1.209522128,-2.646594286,3.333152533,2,2,1,3,5,,-0.07133828849,-0.07816898823,-1.196913362,0.02883128077,0.2501552999,0.2719794512,0.3404487073,-2.965258121,3.648804188,3,3,1,5,,,-1.608400941,-1.859476447,3.782505274,1,3,2,1,4,5
959,3.7,3.833333333,1.8,4,3.9,25489.91397,1,72,3,0,0.2033643872,0.769579649,-1.318988562,0.6126255393,-0.3170986474,-0.1606310755,-1.756797314,0,-0.009748130105,-0.07178839296,0.1379993707,1.774342656,1,0.01832258143,0.5108864903,3.400620699,-3.031393766,3,4,5,2,,,-0.1055670157,-0.1516118944,-1.397873402,5.470183372,1,3,2,1,4,5,0.006553474814,-0.1795179248,-0.2637324929,-0.0227853246,-0.3488583565,-2.646594286,3.333152533,2,2,1,3,5,,-0.02168111503,-0.02345631458,-0.359159559,0.1331766844,1.155510664,0.4274336696,0.5350375772,-2.965258121,3.648804188,3,3,1,5,,,0.1129815727,-1.859476447,3.782505274,2,2,1,4,5,
960,3,4.033333333,3.1,3.4,3.7,23070.54444,1,72,3,1.195228577,-0.7981285453,1.305383086,0.5816916823,-0.4594691396,-0.7117102742,-0.2972290814,0.01316624507,0,0.04261801019,-0.07178839296,0.1379993707,3.27200675,3,0.04040752724,1.126678586,3.400620699,-3.031393766,4,5,2,,,,-0.2864965796,-0.411457032,-1.397873402,5.470183372,1,3,2,1,4,5,-0.07903067768,-0.2651020885,-0.395865649,-0.08760695159,-1.341320276,-2.646594286,3.333152533,2,2,1,3,5,,-0.08556374162,-0.08733893931,-1.337322474,-0.02645953,-0.2295767367,-0.1688909978,-0.211408332,-2.965258121,3.648804188,3,3,1,5,,,0.3905560374,-1.859476447,3.782505274,2,2,1,4,5,
961,4.2,3.583333333,2.1,4.2,4.3,11328.31821,1,12,1,0.9258201122,0.9187164903,0.09982528538,-0.8803700209,0.9699904323,0.4721246362,-0.9601970315,-0.3857893944,0,-0.02074466459,-0.07178839296,0.1379993707,1.459843278,1,-0.0007646944141,-0.02132188343,3.400620699,-3.031393766,3,4,5,2,,,-0.5989950299,-0.8602570891,-1.397873402,5.470183372,1,3,2,1,4,5,0.07122252882,-0.6635519862,-1.01103127,0.0102999853,0.157699585,-2.646594286,3.333152533,3,1,3,5,,,0.0169005692,0.01006986946,0.1541892439,0.1316989213,1.142688751,0.7605692148,0.9520381093,-2.965258121,3.648804188,3,3,1,5,,,0.204628244,-1.859476447,3.782505274,2,2,1,4,5,
962,4.2,3.416666667,3.1,3.8,4.1,15973.1467,1,32,2,2.070196629,0.9187164903,-0.3466776013,0.5816916823,0.2552606463,0.07751300186,-0.6979492903,1.3088696,0,-0.006477531511,-0.07178839296,0.1379993707,1.867881298,1,-0.01890037023,-0.5269969106,3.400620699,-3.031393766,2,1,4,5,2,,-0.4104432762,-0.5894652605,-1.397873402,5.470183372,1,3,2,1,4,5,0.07672532648,-0.3479588628,-0.5237879753,0.009899385273,0.1515661329,-2.646594286,3.333152533,3,1,3,5,,,0.0146972267,0.01047932636,0.1604588032,-0.01486613508,-0.1289863735,0.2304776162,0.2884989977,-2.965258121,3.648804188,3,3,1,5,,,0.2834177017,-1.859476447,3.782505274,2,2,1,4,5,
963,2.4,3.416666667,1.7,3.6,2.8,19056.24856,1,32,2,0.7440237999,-1.656551123,-0.3466776013,-1.465194702,-0.1021042541,-2.487462521,-0.5238768458,-0.6550039053,0,-0.01051015779,-0.07178839296,0.1379993707,1.752548695,1,-0.02171967365,-0.6056072116,3.400620699,-3.031393766,2,1,4,5,2,,-0.4920341969,-0.7066434622,-1.397873402,5.470183372,1,3,2,1,4,5,-0.126368165,-0.5510523915,-0.8373434544,-0.05104596913,-0.7815474868,-2.646594286,3.333152533,2,2,1,3,5,,-0.04744473472,-0.05166263506,-0.7910512686,-0.05024022236,-0.4359104633,-0.4906838238,-0.6142106056,-2.965258121,3.648804188,2,4,3,1,5,,-0.1265199929,-1.859476447,3.782505274,2,2,1,4,5,
964,3.9,3.416666667,3,3.7,4.3,9376.189414,1,12,1,0.8864052892,0.4895052314,-0.3466776013,0.4354855418,0.07657819241,0.4721246362,-1.070414543,-0.4441571534,0,-0.004404569976,-0.07178839296,0.1379993707,1.927167654,1,-0.01035415102,-0.2887036204,3.400620699,-3.031393766,3,4,5,2,,,-0.7042729259,-1.011453748,-1.397873402,5.470183372,1,3,2,1,4,5,0.04287641123,-0.6953468323,-1.060119271,0.01601156779,0.2451476753,-2.646594286,3.333152533,3,1,3,5,,,0.02336980775,0.01653910801,0.2532454431,-0.01286974177,-0.1116646156,-0.1947877556,-0.2438244373,-2.965258121,3.648804188,3,3,1,5,,,-0.3760754764,-1.859476447,3.782505274,2,2,1,4,5,
965,3.9,3.166666667,2.4,3.8,3.5,22469.31737,1,72,3,1.505940676,0.4895052314,-1.016431928,-0.4417515099,0.2552606463,-1.106321931,-0.3311744332,0.4732866883,0,-0.03187631071,-0.07178839296,0.1379993707,1.14147985,1,-0.04837698862,-1.348890066,3.400620699,-3.031393766,2,1,4,5,2,,-0.1800291538,-0.258551985,-1.397873402,5.470183372,1,3,2,1,4,5,0.051130604,-0.1349407881,-0.1949099898,0.02515630983,0.3851597011,-2.646594286,3.333152533,3,1,3,5,,,0.02743286826,0.02565766871,0.3928677142,-0.0363410376,-0.3153138757,-0.1181637347,-0.1479107738,-2.965258121,3.648804188,3,3,1,5,,,0.2300924808,-1.859476447,3.782505274,2,2,1,4,5,
966,3.9,3.75,1.9,2.7,4.2,38712.42348,2,128,4,1.552647471,0.4895052314,0.546328187,-1.172782421,-1.710246205,0.2748188078,0.5859139562,0.5424528122,1,-0.006454902701,-0.07178839296,0.1379993707,1.868528485,1,0.01509787608,0.4209723771,3.400620699,-3.031393766,3,4,5,2,,,0.4408387542,0.6331182122,-1.397873402,5.470183372,2,2,1,4,5,,0.0318708159,0.2812025249,0.4475724399,0.09639711678,1.475903511,-2.646594286,3.333152533,4,3,5,,,,0.09236942977,0.0948125273,1.451758385,0.02582087182,0.2240353972,0.3036397398,0.3800792694,-2.965258121,3.648804188,3,3,1,5,,,-0.7748579383,-1.859476447,3.782505274,1,3,2,1,4,5
968,2.6,2.583333333,2.1,4.7,2.1,25878.98787,1,72,3,1.281739831,-1.370410204,-2.579192162,-0.8803700209,1.863402605,-3.868603468,-0.1386639029,0.1412771195,0,-0.02535843849,-0.07178839296,0.1379993707,1.327890038,1,-0.1087187901,-3.031393766,3.400620699,-3.031393766,1,3,1,4,5,2,-0.1730756313,-0.2485655695,-1.397873402,5.470183372,1,3,2,1,4,5,-0.07628823072,-0.2623596191,-0.3916315436,-0.07625686377,-1.167542934,-2.646594286,3.333152533,2,2,1,3,5,,-0.07530365884,-0.07707885653,-1.180221319,-0.1316053867,-1.141877294,-0.8210886717,-1.027792931,-2.965258121,3.648804188,2,4,3,1,5,,-0.7515593767,-1.859476447,3.782505274,1,3,2,1,4,5
969,4.9,3.633333333,2.3,4.4,3.6,58026.47627,1,200,5,2.199837685,1.920209408,0.2337761521,-0.5879576802,1.327355266,-0.9090160728,1.676388502,1.500849485,0,-0.02469373494,-0.07178839296,0.1379993707,1.346900463,1,-0.0216125045,-0.6026189923,3.400620699,-3.031393766,2,1,4,5,2,,1.318671703,1.89383328,-1.397873402,5.470183372,3,1,4,5,,,0.1485524923,1.279180527,1.988347769,-0.004425652791,-0.06775966287,-2.646594286,3.333152533,3,1,3,5,,,-0.01594947837,-0.004798977636,-0.07348071784,0.1198881269,1.040212154,1.155371428,1.446229458,-2.965258121,3.648804188,4,1,5,,,,1.081766844,-1.859476447,3.782505274,3,1,4,5,,
971,4.1,3.4,2.2,4,4.7,44059.61046,1,200,5,1.302470207,0.7756460309,-0.3913278878,-0.7341638803,0.6126255393,1.26134789,0.8878169656,0.1719758511,0,-0.02764414996,-0.07178839296,0.1379993707,1.262519002,1,-0.005891812034,-0.1642807275,3.400620699,-3.031393766,3,4,5,2,,,0.6856888533,0.9847639799,-1.397873402,5.470183372,2,2,1,4,5,,0.06599263102,1.196620584,1.860883713,0.06679522991,1.02267909,-2.646594286,3.333152533,4,3,5,,,,0.0606922023,0.07184270024,1.100047231,0.1026668176,0.8907910585,0.7110872269,0.890099287,-2.965258121,3.648804188,3,3,1,5,,,1.079583526,-1.859476447,3.782505274,3,1,4,5,,
973,3.1,4.233333333,1.8,4.2,3.9,61116.58708,1,200,5,0.5175491571,-0.6550581455,1.841186523,-1.318988562,0.9699904323,-0.3170986474,1.850856662,-0.9903806448,0,0.02560506761,-0.07178839296,0.1379993707,2.785439014,2,0.05989862606,1.670146585,3.400620699,-3.031393766,4,5,2,,,,1.21754694,1.748601198,-1.397873402,5.470183372,3,1,4,5,,,-0.07435106486,1.056276917,1.644207478,-0.08622220159,-1.320118785,-2.646594286,3.333152533,2,2,1,3,5,,-0.09894535691,-0.08779485524,-1.34430337,0.1854242533,1.608837843,0.9590332508,1.200464249,-2.965258121,3.648804188,4,1,5,,,,1.688608885,-1.859476447,3.782505274,4,4,5,,,
975,4.1,3.433333333,3,3.7,3.9,17280.77358,1,32,2,0.7071067691,0.7756460309,-0.3020273149,0.4354855418,0.07657819241,-0.3170986474,-0.6241204739,-0.709672749,0,-0.007976674475,-0.07178839296,0.1379993707,1.825006008,1,-0.02044114098,-0.5699580312,3.400620699,-3.031393766,2,1,4,5,2,,-0.3707440197,-0.5324504375,-1.397873402,5.470183372,1,3,2,1,4,5,0.06489206851,-0.3597921431,-0.5420573354,0.006069185212,0.09292323887,-2.646594286,3.333152533,3,1,3,5,,,0.01035951264,0.006141612306,0.09404025227,-0.02792110294,-0.2422581017,-0.3591117561,-0.449516058,-2.965258121,3.648804188,2,4,3,1,5,,-1.080865264,-1.859476447,3.782505274,1,3,2,1,4,5
976,4.2,3.416666667,2.7,3.6,3.6,26796.72134,1,72,3,0.9161253572,0.9187164903,-0.3466776013,-0.003132989397,-0.1021042541,-0.9090160728,-0.08684851974,-0.4001459479,0,-0.02115576714,-0.07178839296,0.1379993707,1.448085904,1,-0.02971969359,-0.8286708593,3.400620699,-3.031393766,2,1,4,5,2,,0.01610505767,0.02312956005,-1.397873402,5.470183372,2,2,1,4,5,,0.07672532648,-0.1093460768,-0.1553943902,0.01905493625,0.2917436659,-2.646594286,3.333152533,3,1,3,5,,,0.01965194941,0.01787674986,0.2737272382,-0.02953568101,-0.256267041,-0.2922367752,-0.3658056855,-2.965258121,3.648804188,2,4,3,1,5,,0.1251771599,-1.859476447,3.782505274,2,2,1,4,5,
977,3.2,3.866666667,2.9,4.3,4.5,42138.35345,1,200,5,0,-0.5119876862,0.8588802218,0.2892793417,1.148672819,0.8667362928,0.7793424726,-1.756797314,0,0.03908960521,-0.07178839296,0.1379993707,3.171094894,3,0.04109817371,1.145935774,3.400620699,-3.031393766,4,5,2,,,,0.493019104,0.70805794,-1.397873402,5.470183372,2,2,1,4,5,,-0.05096193776,1.079666018,1.680317879,-0.07134669274,-1.092364907,-2.646594286,3.333152533,2,2,1,3,5,,-0.07670404762,-0.06555354595,-1.003747225,0.09684458375,0.840274334,0.191006422,0.2390911728,-2.965258121,3.648804188,3,3,1,5,,,-0.04508555681,-1.859476447,3.782505274,2,2,1,4,5,
979,3.9,3.05,2.5,4.1,4.8,32302.61366,1,128,4,2.507132769,0.4895052314,-1.328983903,-0.2955453396,0.7913079858,1.458653688,0.2240150422,1.955909848,0,-0.02973198146,-0.07178839296,0.1379993707,1.202807307,1,-0.029912306,-0.8340414762,3.400620699,-3.031393766,2,1,4,5,2,,0.2113450617,0.3035268784,-1.397873402,5.470183372,2,2,1,4,5,,0.05498256162,0.3043142557,0.4832545817,0.07792507857,1.193084359,-2.646594286,3.333152533,4,3,5,,,,0.07638515532,0.07882825285,1.207009196,0.04141971469,0.3593791425,0.7585118413,0.9494627714,-2.965258121,3.648804188,3,3,1,5,,,0.1650924832,-1.859476447,3.782505274,2,2,1,4,5,
980,3.3,2.533333333,3.5,3.4,4.3,14596.39937,1,32,2,1.982062459,-0.3689172864,-2.713142872,1.166516423,-0.4594691396,0.4721246362,-0.7756806612,1.178355336,0,-0.02385772206,-0.07178839296,0.1379993707,1.37081027,1,-0.07509928197,-2.093984842,3.400620699,-3.031393766,1,3,1,4,5,2,-0.5370817184,-0.7713392377,-1.397873402,5.470183372,1,3,2,1,4,5,0.004343403503,-0.4203408062,-0.6355382204,0.08910171688,1.364206076,-2.646594286,3.333152533,4,3,5,,,,0.09443389624,0.09021599591,1.381376863,-0.212121889,-1.840480566,-1.085771561,-1.35910821,-2.965258121,3.648804188,2,4,3,1,5,,-0.844239831,-1.859476447,3.782505274,1,3,2,1,4,5
981,4.1,3.366666667,3.1,3.1,3.3,14958.91307,1,32,2,1.069044948,0.7756460309,-0.4806284606,0.5816916823,-0.995516479,-1.500933528,-0.7552130818,-0.1736937761,0,-0.01794970036,-0.07178839296,0.1379993707,1.539778948,1,-0.03894750774,-1.085968971,3.400620699,-3.031393766,2,1,4,5,2,,-0.4600455463,-0.6607024074,-1.397873402,5.470183372,1,3,2,1,4,5,0.06709318608,-0.3575910032,-0.5386589766,0.02077833377,0.3181300163,-2.646594286,3.333152533,3,1,3,5,,,0.02596981823,0.0217519179,0.3330633342,-0.1308692396,-1.13549006,-0.8950409889,-1.120362401,-2.965258121,3.648804188,2,4,3,1,5,,-1.368411779,-1.859476447,3.782505274,1,3,2,1,4,5
982,3.3,3.683333333,2.4,4.2,4,39894.47641,1,128,4,1.669045925,-0.3689172864,0.3677270114,-0.4417515099,0.9699904323,-0.119792819,0.6526528597,0.7148223519,0,0.01225053985,-0.07178839296,0.1379993707,2.403501511,2,0.01368394587,0.3815479279,3.400620699,-3.031393766,3,4,5,2,,,0.421925813,0.6059560776,-1.397873402,5.470183372,2,2,1,4,5,,-0.03362589329,0.215705812,0.346452266,-0.04755818099,-0.7281471491,-2.646594286,3.333152533,2,2,1,3,5,,-0.05204464495,-0.04960154369,-0.7594920993,0.0774108693,0.6716572046,0.6824485064,0.8542509675,-2.965258121,3.648804188,3,3,1,5,,,0.248540327,-1.859476447,3.782505274,2,2,1,4,5,
985,3.1,3.283333333,2.5,2.7,4.2,45553.73706,1,200,5,1.388730168,-0.6550581455,-0.7038798928,-0.2955453396,-1.710246205,0.2748188078,0.9721755981,0.2997145951,0,-0.02371728979,-0.07178839296,0.1379993707,1.37482667,1,-0.01231506653,-0.3433796167,3.400620699,-3.031393766,3,4,5,2,,,0.6355934143,0.9128185511,-1.397873402,5.470183372,2,2,1,4,5,,-0.04298512638,1.087642908,1.69263339,0.09551369399,1.462377667,-2.646594286,3.333152533,4,3,5,,,,0.08883076906,0.09998127073,1.530901551,-0.1064638346,-0.9237359762,-0.617873311,-0.7734193206,-2.965258121,3.648804188,2,4,3,1,5,,0.03243492916,-1.859476447,3.782505274,2,2,1,4,5,
986,4.2,3.65,2.4,3.9,4.2,24365.81361,1,72,3,1.552647471,0.9187164903,0.2784264386,-0.4417515099,0.433943063,0.2748188078,-0.2240979671,0.5424528122,0,-0.01381176058,-0.07178839296,0.1379993707,1.658123374,1,0.002594618825,0.07234546542,3.400620699,-3.031393766,3,4,5,2,,,-0.08739896864,-0.1255195439,-1.397873402,5.470183372,1,3,2,1,4,5,0.06902141124,-0.1170499921,-0.1672884375,0.01286026463,0.1968991458,-2.646594286,3.333152533,3,1,3,5,,,0.01440075785,0.01262555737,0.1933216304,0.08532276005,0.7403049469,0.6908419132,0.864757359,-2.965258121,3.648804188,3,3,1,5,,,-0.3301201165,-1.859476447,3.782505274,2,2,1,4,5,
987,3.7,3.333333333,2.6,3.7,3.4,23028.79515,1,72,3,0.3535533845,0.2033643872,-0.5699290633,-0.1493391693,0.07657819241,-1.303627729,-0.2995862365,-1.233235002,0,-0.01546182856,-0.07178839296,0.1379993707,1.610931635,1,-0.03392058238,-0.9458037615,3.400620699,-3.031393766,2,1,4,5,2,,-0.1860493273,-0.2671979666,-1.397873402,5.470183372,1,3,2,1,4,5,0.02306186594,-0.1630095392,-0.2382452488,-0.00470129028,-0.07197985053,-2.646594286,3.333152533,3,1,3,5,,,-0.00264187553,-0.00441707531,-0.0676330775,-0.05037058517,-0.4370415807,-0.636089921,-0.7962218523,-2.965258121,3.648804188,2,4,3,1,5,,0.5091864467,-1.859476447,3.782505274,3,1,4,5,,
988,4.6,2.45,3,3.7,4.8,26100.82307,1,72,3,1.92724824,1.490998149,-2.936394453,0.4354855418,0.07657819241,1.458653688,-0.1261390448,1.097183347,0,-0.06568638235,-0.07178839296,0.1379993707,0.1745166332,0,-0.08946405351,-2.494516134,3.400620699,-3.031393766,1,3,1,4,5,2,0.06572837383,0.09439694881,-1.397873402,5.470183372,2,2,1,4,5,,0.153773427,-0.03229796886,-0.03644004464,0.1721746922,2.63610816,-2.646594286,3.333152533,5,5,,,,,0.1730417907,0.1712666005,2.622413874,-0.09075912088,-0.7874736786,-0.3163094223,-0.3959384859,-2.965258121,3.648804188,2,4,3,1,5,,0.5587104559,-1.859476447,3.782505274,3,1,4,5,,
989,3.6,3.133333333,3.1,2.9,2.8,47745.61365,1,200,5,1.642080545,0.06029396132,-1.10573256,0.5816916823,-1.352881312,-2.487462521,1.095929265,0.6748904586,0,-0.02136231773,-0.07178839296,0.1379993707,1.442178488,1,-0.06206713989,-1.730611086,3.400620699,-3.031393766,2,1,4,5,2,,0.7833408713,1.125008583,-1.397873402,5.470183372,2,2,1,4,5,,0.0183822494,1.149010301,1.787378311,0.02926527709,0.4480707049,-2.646594286,3.333152533,3,1,3,5,,,0.02173164301,0.03288214281,0.5034880042,-0.2224916369,-1.930453897,-1.279117823,-1.60112834,-2.965258121,3.648804188,2,4,3,1,5,,0.1289073825,-1.859476447,3.782505274,2,2,1,4,5,
990,4,3.3,2.6,2.7,4.8,26916.97743,1,72,3,1.908627033,0.6325756311,-0.6592296362,-0.1493391693,-1.710246205,1.458653688,-0.0800588429,1.069607973,0,-0.03970364854,-0.07178839296,0.1379993707,0.9176191092,0,-0.01060655247,-0.2957412899,3.400620699,-3.031393766,3,4,5,2,,,0.002130265115,0.003059418872,-1.397873402,5.470183372,2,2,1,4,5,,0.05801133811,-0.1280600578,-0.1842868477,0.1442991942,2.209316015,-2.646594286,3.333152533,5,5,,,,,0.1448495388,0.1430743337,2.190737247,-0.05088953674,-0.4415442646,-0.06375620514,-0.07980646193,-2.965258121,3.648804188,3,3,1,5,,,-0.299362123,-1.859476447,3.782505274,2,2,1,4,5,
991,4.1,3.433333333,2.5,4.3,4.3,31220.16762,1,128,4,1.642080545,0.7756460309,-0.3020273149,-0.2955453396,1.148672819,0.4721246362,0.162899971,0.6748904586,0,-0.01263301168,-0.07178839296,0.1379993707,1.691835403,1,-0.01178568229,-0.3286188543,3.400620699,-3.031393766,3,4,5,2,,,0.1785962433,0.2564941049,-1.397873402,5.470183372,2,2,1,4,5,,0.06489206851,0.3142237663,0.4985538423,0.008282961324,0.1268176138,-2.646594286,3.333152533,3,1,3,5,,,0.007163154893,0.009606255218,0.147090435,0.08611879498,0.7472117543,0.7291314602,0.9126860499,-2.965258121,3.648804188,3,3,1,5,,,0.5073724389,-1.859476447,3.782505274,3,1,4,5,,
992,3,4.066666667,2,4,3.8,20941.17765,1,72,3,1.125991583,-0.7981285453,1.394683719,-1.026576161,0.6126255393,-0.5144044757,-0.4174534678,-0.08936390281,0,0.02236292511,-0.07178839296,0.1379993707,2.692714214,2,0.04533298314,1.264014482,3.400620699,-3.031393766,4,5,2,,,,-0.3715137541,-0.5335559249,-1.397873402,5.470183372,1,3,2,1,4,5,-0.08013124019,-0.2662026286,-0.3975647688,-0.08684483171,-1.329651713,-2.646594286,3.333152533,2,2,1,3,5,,-0.08397517353,-0.08575037122,-1.312998533,0.1217972189,1.056776404,0.7702413201,0.9641450644,-2.965258121,3.648804188,3,3,1,5,,,-0.6974103451,-1.859476447,3.782505274,2,2,1,4,5,
994,3.5,3.883333333,2.4,3.9,3.6,43880.82326,1,200,5,1.772810578,-0.08277645707,0.9035304785,-0.4417515099,0.433943063,-0.9090160728,0.877722621,0.8684830666,0,0.01257093437,-0.07178839296,0.1379993707,2.412664652,2,0.01878569648,0.523799479,3.400620699,-3.031393766,3,4,5,2,,,0.5949870944,0.8545010686,-1.397873402,5.470183372,2,2,1,4,5,,-0.01766330749,1.112964749,1.731727719,-0.05781565607,-0.8851958513,-2.646594286,3.333152533,2,2,1,3,5,,-0.0638492927,-0.05269879475,-0.8069168329,0.06074071303,0.527018249,0.6123844385,0.7665486336,-2.965258121,3.648804188,3,3,1,5,,,1.241802692,-1.859476447,3.782505274,3,1,4,5,,
997,4,3.483333333,4.1,2.4,3.9,14978.55719,1,32,2,0.9910312295,0.6325756311,-0.1680764407,2.043753386,-2.246293545,-0.3170986474,-0.7541039586,-0.2892209888,0,0.007151535247,-0.07178839296,0.1379993707,2.257670641,2,-0.01489259396,-0.4152485132,3.400620699,-3.031393766,3,4,5,2,,,-0.474406302,-0.6813268661,-1.397873402,5.470183372,1,3,2,1,4,5,0.0519582592,-0.3727259338,-0.5620257854,0.0431076251,0.6600062251,-2.646594286,3.333152533,3,1,3,5,,,0.04829148203,0.0440735817,0.6748499274,-0.2225294113,-1.930781722,-1.520391583,-1.903141379,-2.965258121,3.648804188,1,2,4,3,1,5,-1.31699264,-1.859476447,3.782505274,1,3,2,1,4,5
998,4.1,3.75,2.5,4,4.3,34200.8415,2,128,4,1.302470207,0.7756460309,0.546328187,-0.2955453396,0.6126255393,0.4721246362,0.3311893046,0.1719758511,1,0.0273047816,-0.07178839296,0.1379993707,2.834050655,2,0.0144494148,0.4028913975,3.400620699,-3.031393766,3,4,5,2,,,0.2856068909,0.4101792872,-1.397873402,5.470183372,2,2,1,4,5,,0.05443675444,0.303768456,0.482411921,-0.0031905293,-0.04884910211,-2.646594286,3.333152533,3,1,3,5,,,-0.005467189942,-0.003024089849,-0.04630385339,0.1020792052,0.885692656,0.7072634697,0.8853129148,-2.965258121,3.648804188,3,3,1,5,,,0.8098998666,-1.859476447,3.782505274,3,1,4,5,,
1001,4.8,3.683333333,1.8,4.2,4.7,44012.80578,1,200,5,0.4629100561,1.777138948,0.3677270114,-1.318988562,0.9699904323,1.26134789,0.8851743937,-1.071293354,0,-0.03767402843,-0.07178839296,0.1379993707,0.9756659269,0,0.007738553919,0.2157732248,3.400620699,-3.031393766,3,4,5,2,,,0.7534704208,1.08210969,-1.397873402,5.470183372,2,2,1,4,5,,0.1356186718,1.266246676,1.968379259,0.06471789628,0.9908736944,-2.646594286,3.333152533,4,3,5,,,,0.05863303319,0.06978353113,1.068517566,0.2092998326,1.815994978,1.094172955,1.369624615,-2.965258121,3.648804188,4,1,5,,,,0.8598882556,-1.859476447,3.782505274,3,1,4,5,,
1002,3.1,3.783333333,2.7,3.6,3.8,19120.5931,1,32,2,0.5,-0.6550581455,0.6356287599,-0.003132989397,-0.1021042541,-0.5144044757,-0.5202439427,-1.016368389,0,0.02030275576,-0.07178839296,0.1379993707,2.633793592,2,0.02045330964,0.5702973008,3.400620699,-3.031393766,3,4,5,2,,,-0.4226237833,-0.6069585085,-1.397873402,5.470183372,1,3,2,1,4,5,-0.05949351564,-0.4841777086,-0.7340958714,-0.05344875902,-0.8183357716,-2.646594286,3.333152533,2,2,1,3,5,,-0.04987249896,-0.0540903993,-0.8282248974,-0.002041005762,-0.01770883612,-0.2673737109,-0.3346834779,-2.965258121,3.648804188,2,4,3,1,5,,-0.3324123621,-1.859476447,3.782505274,2,2,1,4,5,
1003,3.9,2.983333333,3.1,2.5,3.9,55311.28313,1,200,5,1.642080545,0.4895052314,-1.507585168,0.5816916823,-2.067611217,-0.3170986474,1.523088217,0.6748904586,0,-0.04149171337,-0.07178839296,0.1379993707,0.8664807081,0,-0.05491026863,-1.531056881,3.400620699,-3.031393766,2,1,4,5,2,,1.12029922,1.608937144,-1.397873402,5.470183372,3,1,4,5,,,0.05718368292,1.187811732,1.847283721,0.1373113245,2.102327108,-2.646594286,3.333152533,4,3,5,,,,0.1268413216,0.1379918158,2.112914324,-0.2041694522,-1.771481037,-1.159888148,-1.451883197,-2.965258121,3.648804188,2,4,3,1,5,,1.774461031,-1.859476447,3.782505274,4,4,5,,,
1004,3.1,3.816666667,3,3.6,4.4,12480.48675,2,12,1,1.752549171,-0.6550581455,0.7249293327,0.4354855418,-0.1021042541,0.6694304347,-0.8951454163,0.8384788036,1,0.06018161401,-0.07178839296,0.1379993707,3.774323225,3,0.03619808704,1.009307146,3.400620699,-3.031393766,4,5,2,,,,-0.6854055524,-0.984357059,-1.397873402,5.470183372,1,3,2,1,4,5,-0.06059407443,-0.790540278,-1.207088113,-0.042564895,-0.6516966224,-2.646594286,3.333152533,2,2,1,3,5,,-0.03641149029,-0.04324219003,-0.6621184945,0.01347893849,0.1169503257,0.2973324358,0.3721841574,-2.965258121,3.648804188,3,3,1,5,,,-0.5693039894,-1.859476447,3.782505274,2,2,1,4,5,
1005,4.4,3.7,3.4,4.5,4.7,12142.83104,2,12,1,0.9910312295,1.204857349,0.4123772979,1.020310163,1.506037712,1.26134789,-0.9142095447,-0.2892209888,1,0.05220880359,-0.07178839296,0.1379993707,3.54630208,3,0.01474399958,0.4111052752,3.400620699,-3.031393766,3,4,5,2,,,-0.5481817722,-0.787280798,-1.397873402,5.470183372,1,3,2,1,4,5,0.08993651718,-0.6424238682,-0.9784116149,-0.04384914786,-0.6713593602,-2.646594286,3.333152533,2,2,1,3,5,,-0.03756469116,-0.0443953909,-0.6797761321,0.09968643636,0.8649317026,0.5763935447,0.7214972377,-2.965258121,3.648804188,3,3,1,5,,,-0.7652295828,-1.859476447,3.782505274,1,3,2,1,4,5
1006,3,3.666666667,4.4,2.9,4.1,13547.49289,1,12,1,0.9258201122,-0.7981285453,0.323076725,2.482372046,-1.352881312,0.07751300186,-0.8349021077,-0.3857893944,0,0.05434898287,-0.07178839296,0.1379993707,3.607510805,3,0.01868550479,0.5210058093,3.400620699,-3.031393766,3,4,5,2,,,-0.6496862173,-0.9330581427,-1.397873402,5.470183372,1,3,2,1,4,5,-0.06692452729,-0.7999746203,-1.221653819,-0.04908900708,-0.7515850663,-2.646594286,3.333152533,2,2,1,3,5,,-0.04334972799,-0.05018042773,-0.768355906,-0.1968649775,-1.708103657,-1.377525091,-1.724308968,-2.965258121,3.648804188,1,2,4,3,1,5,-0.5343574882,-1.859476447,3.782505274,2,2,1,4,5,
1007,3.5,3.65,3,4,3.6,13326.10071,2,12,1,1.767766953,-0.08277645707,0.2784264386,0.4354855418,0.6126255393,-0.9090160728,-0.847401917,0.8610141873,1,0.0499625057,-0.07178839296,0.1379993707,3.482058287,3,-0.0005454279017,-0.0152081009,3.400620699,-3.031393766,3,4,5,2,,,-0.6014459133,-0.8637769818,-1.397873402,5.470183372,1,3,2,1,4,5,-0.009959391318,-0.7433543801,-1.134238005,-0.07447680831,-1.140289068,-2.646594286,3.333152533,2,2,1,3,5,,-0.06865160167,-0.07548230141,-1.15577507,-0.00860565342,-0.07466715574,0.15925318,0.1993442327,-2.965258121,3.648804188,3,3,1,5,,,-0.3498752713,-1.859476447,3.782505274,2,2,1,4,5,
1008,3,3.466666667,3.5,2.4,4.2,28461.16988,2,128,4,0.8345229626,-0.7981285453,-0.2127267271,1.166516423,-2.246293545,0.2748188078,0.007126509678,-0.5209875107,1,0.04069963098,-0.07178839296,0.1379993707,3.21714139,3,0.004279835615,0.1193341762,3.400620699,-3.031393766,3,4,5,2,,,-0.05534686893,-0.07948736846,-1.397873402,5.470183372,1,3,2,1,4,5,-0.06032117084,0.1890105307,0.3052375019,0.04925397411,0.7541108727,-2.646594286,3.333152533,3,1,3,5,,,0.04920498282,0.05164808407,0.7908297777,-0.189662382,-1.645610094,-1.364454508,-1.707947969,-2.965258121,3.648804188,1,2,4,3,1,5,-0.8693541884,-1.859476447,3.782505274,1,3,2,1,4,5
1009,4.4,3.316666667,2.7,4.1,4.1,46343.1331,1,200,5,2.314550161,1.204857349,-0.61457932,-0.003132989397,0.7913079858,0.07751300186,1.016744971,1.670722365,0,-0.02222620323,-0.07178839296,0.1379993707,1.417471528,1,-0.02999746241,-0.8364158273,3.400620699,-3.031393766,2,1,4,5,2,,0.8122809529,1.166571379,-1.397873402,5.470183372,2,2,1,4,5,,0.1025929451,1.233220935,1.917390823,0.03410450742,0.522162497,-2.646594286,3.333152533,3,1,3,5,,,0.02711520344,0.03826570138,0.5859203935,0.03508716077,0.3044345677,0.6460065246,0.8086348772,-2.965258121,3.648804188,3,3,1,5,,,0.2362326831,-1.859476447,3.782505274,2,2,1,4,5,
1010,3.3,3.566666667,3.2,3.7,4.1,30510.88686,1,128,4,1.807721496,-0.3689172864,0.05517499894,0.7278978825,0.07657819241,0.07751300186,0.1228538603,0.9201812148,0,0.02155804075,-0.07178839296,0.1379993707,2.669694662,2,0.00618224917,0.1723789573,3.400620699,-3.031393766,3,4,5,2,,,0.05597805977,0.0803938657,-1.397873402,5.470183372,2,2,1,4,5,,-0.02977393568,0.2195577621,0.3523992896,-0.03039663844,-0.4653925896,-2.646594286,3.333152533,2,2,1,3,5,,-0.03124116175,-0.02879806049,-0.4409517348,-0.0380747728,-0.3303566575,-0.01772218943,-0.0221836511,-2.965258121,3.648804188,3,3,1,5,,,0.1354524046,-1.859476447,3.782505274,2,2,1,4,5,
1011,4.2,3.3,2.8,4.2,4.7,50516.84124,1,200,5,1.752549171,0.9187164903,-0.6592296362,0.1430731863,0.9699904323,1.26134789,1.252393246,0.8384788036,0,-0.01417916082,-0.07178839296,0.1379993707,1.64761579,1,-0.0155827431,-0.4344918728,3.400620699,-3.031393766,3,4,5,2,,,0.9547477961,1.371177673,-1.397873402,5.470183372,3,1,4,5,,,0.0805772841,1.211205244,1.883400917,0.04763131961,0.7292669415,-2.646594286,3.333152533,3,1,3,5,,,0.03902212158,0.05017262325,0.76823771,0.06244363263,0.5417936444,0.6159649491,0.7710305452,-2.965258121,3.648804188,3,3,1,5,,,0.3621646166,-1.859476447,3.782505274,2,2,1,4,5,
1012,3.6,3.316666667,2.9,3.6,4,56657.14163,1,200,5,1.552647471,0.06029396132,-0.61457932,0.2892793417,-0.1021042541,-0.119792819,1.599075556,0.5424528122,0,-0.007090579253,-0.07178839296,0.1379993707,1.850348234,1,-0.02091202326,-0.5830875635,3.400620699,-3.031393766,2,1,4,5,2,,1.128483891,1.620691776,-1.397873402,5.470183372,3,1,4,5,,,0.01232917234,1.142957211,1.778033018,0.03003177419,0.4598062932,-2.646594286,3.333152533,3,1,3,5,,,0.01903941482,0.03018991463,0.4622648954,-0.05298682302,-0.4597414136,-0.2091928571,-0.2618559301,-2.965258121,3.648804188,3,3,1,5,,,0.7870235443,-1.859476447,3.782505274,3,1,4,5,,
1014,2.7,3.4,3,3.8,2.7,40979.17353,1,128,4,0,-1.227339864,-0.3913278878,0.4354855418,0.2552606463,-2.684768438,0.7138950229,-1.756797314,0,0.02260462753,-0.07178839296,0.1379993707,2.699626923,2,-0.02948282473,-0.8220662475,3.400620699,-3.031393766,2,1,4,5,2,,0.406329751,0.5835575461,-1.397873402,5.470183372,2,2,1,4,5,,-0.09196896851,0.1573627293,0.2563765347,-0.09609156102,-1.471225262,-2.646594286,3.333152533,1,4,2,1,3,5,-0.1009990126,-0.09855591506,-1.509075403,-0.1344104707,-1.166215658,-1.313861132,-1.644618034,-2.965258121,3.648804188,1,2,4,3,1,5,0.9450195432,-1.859476447,3.782505274,3,1,4,5,,
1016,2.3,4.05,3.8,2.9,3.9,56503.03156,1,200,5,2.070196629,-1.799621463,1.350033402,1.605134964,-1.352881312,-0.3170986474,1.590374589,1.3088696,0,0.07068505883,-0.07178839296,0.1379993707,4.074720383,4,0.05595919117,1.560303807,3.400620699,-3.031393766,4,5,2,,,,0.9515197277,1.366541624,-1.397873402,5.470183372,3,1,4,5,,,-0.1585617512,0.9720662236,1.514194846,-0.08525683731,-1.305338502,-2.646594286,3.333152533,2,2,1,3,5,,-0.09618938714,-0.08503888547,-1.302104354,-0.1313476562,-1.139641047,-0.5275133848,-0.6603118181,-2.965258121,3.648804188,2,4,3,1,5,,1.196336746,-1.859476447,3.782505274,3,1,4,5,,
1018,3.8,3.416666667,1.8,3.7,4.3,58815.8977,1,200,5,0.9161253572,0.3464348018,-0.3466776013,-1.318988562,0.07657819241,0.4721246362,1.720959306,-0.4001459479,0,-0.03659208491,-0.07178839296,0.1379993707,1.006609321,1,-0.008947988041,-0.2494957447,3.400620699,-3.031393766,3,4,5,2,,,1.232823014,1.770540237,-1.397873402,5.470183372,3,1,4,5,,,0.03159343824,1.162221432,1.807774901,0.07603224367,1.164103866,-2.646594286,3.333152533,4,3,5,,,,0.06420203298,0.07535253465,1.153789401,0.07854200155,0.6814715266,0.411067158,0.5145509243,-2.965258121,3.648804188,3,3,1,5,,,2.068727732,-1.859476447,3.782505274,4,4,5,,,
1019,3.8,3.983333333,1.8,4.1,3.7,22327.07512,1,72,3,1.302470207,0.3464348018,1.171432257,-1.318988562,0.7913079858,-0.7117102742,-0.3392054737,0.1719758511,0,-0.003181548091,-0.07178839296,0.1379993707,1.962145925,1,0.02501584031,0.6975138783,3.400620699,-3.031393766,3,4,5,2,,,-0.223881498,-0.3215312958,-1.397873402,5.470183372,1,3,2,1,4,5,0.0128839286,-0.1731874645,-0.2539589107,-0.05196214095,-0.7955746651,-2.646594286,3.333152533,2,2,1,3,5,,-0.04963037372,-0.05140557513,-0.7871152163,0.1529256403,1.326862931,1.038141131,1.299487114,-2.965258121,3.648804188,4,1,5,,,,0.3202681839,-1.859476447,3.782505274,2,2,1,4,5,
1021,4.6,3.4,4.6,2.6,4.7,61092.56566,1,200,5,2.070196629,1.490998149,-0.3913278878,2.774784327,-1.888928652,1.26134789,1.849500418,1.3088696,0,0.007632343564,-0.07178839296,0.1379993707,2.271421671,2,-0.01292262785,-0.3603201807,3.400620699,-3.031393766,3,4,5,2,,,1.413358808,2.029819727,-1.397873402,5.470183372,3,1,4,5,,,0.1224074885,1.253035545,1.94798255,0.09728360176,1.489476204,-2.646594286,3.333152533,4,3,5,,,,0.08456977457,0.09572026879,1.465657711,-0.1916691661,-1.663022041,-0.9200491309,-1.151666164,-2.965258121,3.648804188,2,4,3,1,5,,2.026219845,-1.859476447,3.782505274,4,4,5,,,
1022,2.7,3.116666667,1.3,3.2,4.1,127080.6934,1,200,5,0.4629100561,-1.227339864,-1.150382757,-2.050019503,-0.8168340325,0.07751300186,5.575200558,-1.071293354,0,-0.04923472181,-0.07178839296,0.1379993707,0.6450317502,0,-0.02266222425,-0.6318882108,3.400620699,-3.031393766,2,1,4,5,2,,3.808875799,5.470183372,-1.397873402,5.470183372,5,5,,,,,-0.08261422068,1.048013806,1.631450176,0.135755375,2.078504324,-2.646594286,3.333152533,4,3,5,,,,0.0974303484,0.1085808426,1.662577152,-0.008669996634,-0.07522542775,-0.324242413,-0.4058685601,-2.965258121,3.648804188,2,4,3,1,5,,3.782505274,-1.859476447,3.782505274,5,5,,,,
1023,3,4.166666667,3.4,4,4,29884.18202,1,128,4,2.416461468,-0.7981285453,1.662585378,1.020310163,0.6126255393,-0.119792819,0.08747000247,1.821638584,0,0.06722039729,-0.07178839296,0.1379993707,3.975631475,3,0.05794547498,1.615687132,3.400620699,-3.031393766,4,5,2,,,,-0.02237885445,-0.03213977814,-1.397873402,5.470183372,1,3,2,1,4,5,-0.08343292028,0.165898785,0.2695553303,-0.1363666654,-2.087863684,-2.646594286,3.333152533,1,4,2,1,3,5,-0.136967957,-0.134524852,-2.059827328,0.03646776453,0.3164134026,0.692719698,0.8671078682,-2.965258121,3.648804188,3,3,1,5,,,-0.07523796707,-1.859476447,3.782505274,2,2,1,4,5,
1024,4.3,3.166666667,3.6,4.2,4.4,14644.49686,2,32,2,1.685018063,1.06178689,-1.016431928,1.312722564,0.9699904323,0.6694304347,-0.7729650736,0.7384748459,1,0.02990634367,-0.07178839296,0.1379993707,2.908454895,2,-0.03452685475,-0.9627084136,3.400620699,-3.031393766,2,1,4,5,2,,-0.4432671368,-0.6366057992,-1.397873402,5.470183372,1,3,2,1,4,5,0.09626249224,-0.3284217119,-0.4936246276,0.007532328833,0.1153249294,-2.646594286,3.333152533,3,1,3,5,,,0.0128458431,0.008627942763,0.1321106404,-0.03245176002,-0.2815684676,-0.02655763924,-0.03324337304,-2.965258121,3.648804188,3,3,1,5,,,-0.2533106506,-1.859476447,3.782505274,2,2,1,4,5,
1025,3.6,3.866666667,3,3.8,4.3,28383.51489,1,128,4,1.908627033,0.06029396132,0.8588802218,0.4354855418,0.2552606463,0.4721246362,0.002742096316,1.069607973,0,0.02516945451,-0.07178839296,0.1379993707,2.772980452,2,0.03114579245,0.868434608,3.400620699,-3.031393766,4,5,2,,,,-0.003916073125,-0.005624135025,-1.397873402,5.470183372,2,2,1,4,5,,-0.005830056034,0.2435016483,0.3893661797,-0.04118594155,-0.6305839419,-2.646594286,3.333152533,2,2,1,3,5,,-0.04120478779,-0.03876169026,-0.593513608,0.04621504247,0.4009858966,0.5681414008,0.7111676931,-2.965258121,3.648804188,3,3,1,5,,,-0.54208529,-1.859476447,3.782505274,2,2,1,4,5,
1026,3.9,2.783333333,3.2,2.9,4.2,15771.79898,1,32,2,2.203892708,0.4895052314,-2.043388605,0.7278978825,-1.352881312,0.2748188078,-0.7093173862,1.506854415,0,-0.04170243442,-0.07178839296,0.1379993707,0.8604540825,0,-0.0649882108,-1.812058926,3.400620699,-3.031393766,1,3,1,4,5,2,-0.4313164949,-0.6194427013,-1.397873402,5.470183372,1,3,2,1,4,5,0.06378703564,-0.3608971536,-0.5437633395,0.1260617971,1.930089355,-2.646594286,3.333152533,4,3,5,,,,0.1309377849,0.126719892,1.940320134,-0.1866571158,-1.61953485,-0.8379375339,-1.048883438,-2.965258121,3.648804188,2,4,3,1,5,,-1.262585402,-1.859476447,3.782505274,1,3,2,1,4,5
1027,3.6,3.966666667,2.6,3.4,4.4,13269.01519,1,12,1,0.3535533845,0.06029396132,1.12678194,-0.1493391693,-0.4594691396,0.6694304347,-0.8506249785,-1.233235002,0,0.01202866994,-0.07178839296,0.1379993707,2.397156,2,0.04159442335,1.159772635,3.400620699,-3.031393766,4,5,2,,,,-0.6028679609,-0.8658192754,-1.397873402,5.470183372,1,3,2,1,4,5,-0.009131734259,-0.7359740734,-1.122843504,-0.01093170978,-0.1673716903,-2.646594286,3.333152533,3,1,3,5,,,-0.005084346514,-0.01191504672,-0.1824411005,0.06225132942,0.5401251316,0.09678509831,0.1211501807,-2.965258121,3.648804188,3,3,1,5,,,-0.4209337533,-1.859476447,3.782505274,2,2,1,4,5,
1030,3.9,3.25,2.8,3.5,4.5,35927.88756,1,128,4,1.035098314,0.4895052314,-0.7931804657,0.1430731863,-0.2807866931,0.8667362928,0.4286985993,-0.2239639014,0,-0.0212860629,-0.07178839296,0.1379993707,1.444359422,1,-0.0198343657,-0.553039372,3.400620699,-3.031393766,2,1,4,5,2,,0.3476108313,0.499227345,-1.397873402,5.470183372,2,2,1,4,5,,0.04837920517,0.2977108955,0.473059684,0.07387445867,1.13106668,-2.646594286,3.333152533,4,3,5,,,,0.07092749327,0.07337059826,1.123442292,-0.02473907545,-0.2146491706,-0.2169778496,-0.2716007531,-2.965258121,3.648804188,3,3,1,5,,,1.186634898,-1.859476447,3.782505274,3,1,4,5,,
1033,3.7,3.283333333,2.7,2.9,3.5,8221.622067,1,12,1,1.414213538,0.2033643872,-0.7038798928,-0.003132989397,-1.352881312,-1.106321931,-1.13560164,0.3374518454,0,-0.02786321007,-0.07178839296,0.1379993707,1.256253958,1,-0.03589909896,-1.000970483,3.400620699,-3.031393766,2,1,4,5,2,,-0.767937243,-1.102886438,-1.397873402,5.470183372,1,3,2,1,4,5,0.02471270412,-0.7162695527,-1.09242177,0.04965128005,0.7601938844,-2.646594286,3.333152533,3,1,3,5,,,0.05745762959,0.05062692985,0.7751939893,-0.1278140694,-1.108981729,-0.7473733425,-0.9355202317,-2.965258121,3.648804188,2,4,3,1,5,,-1.30340445,-1.859476447,3.782505274,1,3,2,1,4,5
1034,4.9,2.816666667,2.8,3,5,47901.79692,1,200,5,0.3535533845,1.920209408,-1.954087973,0.1430731863,-1.174198866,1.853265405,1.104747415,-1.233235002,0,-0.07178839296,-0.07178839296,0.1379993707,0,0,-0.05897733197,-1.644458294,3.400620699,-3.031393766,2,1,4,5,2,,0.9466298819,1.359519005,-1.397873402,5.470183372,3,1,4,5,,,0.1755161881,1.306144238,2.029976845,0.2177014202,3.333152533,-2.646594286,3.333152533,5,5,,,,,0.2101071775,0.2212576717,3.387871027,-0.06645355374,-0.5765858293,-0.7407481074,-0.9272271395,-2.965258121,3.648804188,2,4,3,1,5,,1.075111508,-1.859476447,3.782505274,3,1,4,5,,
1036,3.5,4.3,2.6,3.7,4.5,37105.49235,2,128,4,0.7440237999,-0.08277645707,2.019787788,-0.1493391693,0.07657819241,0.8667362928,0.4951863587,-0.6550039053,1,0.06460681558,-0.07178839296,0.1379993707,3.900883436,3,0.07278034836,2.0293262,3.400620699,-3.031393766,4,5,2,,,,0.3142197728,0.4512721896,-1.397873402,5.470183372,2,2,1,4,5,,-0.03142029792,0.2179114074,0.3498574793,-0.055536028,-0.8502932191,-2.646594286,3.333152533,2,2,1,3,5,,-0.05894003808,-0.05649693683,-0.8650735021,0.1348280907,1.169839144,0.7136284113,0.8932802081,-2.965258121,3.648804188,3,3,1,5,,,0.4472972155,-1.859476447,3.782505274,3,1,4,5,,
1037,4.4,2.866666667,2.4,4.4,4,18608.75928,1,32,2,0.8345229626,1.204857349,-1.820137143,-0.4417515099,1.327355266,-0.119792819,-0.5491421819,-0.5209875107,0,-0.04740182683,-0.07178839296,0.1379993707,0.6974523067,0,-0.06944277883,-1.936265111,3.400620699,-3.031393766,1,3,1,4,5,2,-0.2658507526,-0.381806165,-1.397873402,5.470183372,1,3,2,1,4,5,0.117450498,-0.3072336912,-0.4609124959,0.0562665835,0.8614785075,-2.646594286,3.333152533,3,1,3,5,,,0.06004149467,0.05582359433,0.8547646403,0.01935148239,0.1679035872,-0.004319187254,-0.005406520329,-2.965258121,3.648804188,3,3,1,5,,,-1.215046406,-1.859476447,3.782505274,1,3,2,1,4,5
1038,2.7,3.316666667,3.4,3.1,3.3,16525.52399,1,32,2,0.6408699155,-1.227339864,-0.61457932,1.020310163,-0.995516479,-1.500933528,-0.6667619944,-0.8077601194,0,0.01882021502,-0.07178839296,0.1379993707,2.591393232,2,-0.02340360731,-0.6525601149,3.400620699,-3.031393766,2,1,4,5,2,,-0.5546174645,-0.7965235114,-1.397873402,5.470183372,1,3,2,1,4,5,-0.0892175734,-0.5139017701,-0.7799867392,-0.03652332723,-0.5591962337,-2.646594286,3.333152533,2,2,1,3,5,,-0.03193987161,-0.03615777194,-0.5536427498,-0.202312693,-1.755370855,-1.518468142,-1.900733709,-2.965258121,3.648804188,1,2,4,3,1,5,-0.5785677433,-1.859476447,3.782505274,2,2,1,4,5,
1040,3,3.866666667,2.8,3.6,4.7,12466.29484,1,12,1,0.5175491571,-0.7981285453,0.8588802218,0.1430731863,-0.1021042541,1.26134789,-0.8959466815,-0.9903806448,0,0.02931537665,-0.07178839296,0.1379993707,2.891553402,2,0.04823822901,1.345021129,3.400620699,-3.031393766,4,5,2,,,,-0.6988986731,-1.003735423,-1.397873402,5.470183372,1,3,2,1,4,5,-0.07352788001,-0.8024395108,-1.225459337,-0.0300185401,-0.4596036673,-2.646594286,3.333152533,2,2,1,3,5,,-0.02385962568,-0.03069032542,-0.4699258506,0.05020783469,0.4356294572,0.07912693173,0.0990466699,-2.965258121,3.648804188,3,3,1,5,,,-0.7710673809,-1.859476447,3.782505274,1,3,2,1,4,5
1041,4.1,3.616666667,2,3.9,4,42496.94583,2,200,5,2.563479662,0.7756460309,0.1891258657,-1.026576161,0.433943063,-0.119792819,0.7995886803,2.039351702,1,0.005027834792,-0.07178839296,0.1379993707,2.196933031,2,-0.003088535974,-0.08611729741,3.400620699,-3.031393766,3,4,5,2,,,0.6169518828,0.8860461712,-1.397873402,5.470183372,2,2,1,4,5,,0.05883899331,1.189466953,1.849839211,0.02514064685,0.3849199116,-2.646594286,3.333152533,3,1,3,5,,,0.01964411512,0.03079461493,0.4715240002,0.09786207229,0.8491025567,1.146664858,1.435331106,-2.965258121,3.648804188,4,1,5,,,,1.193977356,-1.859476447,3.782505274,3,1,4,5,,
1043,4.8,3.333333333,2,4.5,4.7,30122.67088,1,128,4,1.187734962,1.777138948,-0.5699290633,-1.026576161,1.506037712,1.26134789,0.1009351239,0.002069266513,0,-0.043769788,-0.07178839296,0.1379993707,0.801328063,0,-0.02125813253,-0.5927380919,3.400620699,-3.031393766,2,1,4,5,2,,0.2176272571,0.3125491738,-1.397873402,5.470183372,2,2,1,4,5,,0.1471745521,0.3965062499,0.6255895495,0.06799224764,1.041006207,-2.646594286,3.333152533,4,3,5,,,,0.06729840487,0.0697415024,1.067873955,0.1732181162,1.502931118,1.127715707,1.411611557,-2.965258121,3.648804188,4,1,5,,,,0.8399447799,-1.859476447,3.782505274,3,1,4,5,,
1045,2.2,3.4,3.8,2.8,3.7,27398.85641,1,72,3,0.9258201122,-1.942691922,-0.3913278878,1.605134964,-1.531563759,-0.7117102742,-0.05285187811,-0.3857893944,0,0.04032362625,-0.07178839296,0.1379993707,3.206387758,3,-0.0008133618394,-0.02267887257,3.400620699,-3.031393766,3,4,5,2,,,-0.1852744371,-0.2660850883,-1.397873402,5.470183372,1,3,2,1,4,5,-0.148383826,-0.3344552219,-0.5029397607,-0.03542246297,-0.5423412919,-2.646594286,3.333152533,2,2,1,3,5,,-0.03505914658,-0.03683434799,-0.5640023947,-0.2401618809,-2.083770275,-1.659275055,-2.076987982,-2.965258121,3.648804188,1,2,4,3,1,5,0.1188788339,-1.859476447,3.782505274,2,2,1,4,5,
1046,3.7,3.183333333,4.3,1.8,3.8,16451.17939,1,32,2,0.8345229626,0.2033643872,-0.971781671,2.336165667,-3.318388224,-0.5144044757,-0.6709594727,-0.5209875107,0,-0.004513677675,-0.07178839296,0.1379993707,1.924047232,1,-0.0376922749,-1.050969481,3.400620699,-3.031393766,2,1,4,5,2,,-0.440315336,-0.632366538,-1.397873402,5.470183372,1,3,2,1,4,5,0.02801438235,-0.396669805,-0.5989926457,0.09203567356,1.409126878,-2.646594286,3.333152533,4,3,5,,,,0.09664798528,0.09243008494,1.415278792,-0.3440170586,-2.984872103,-2.368901014,-2.965258121,-2.965258121,3.648804188,1,2,4,3,1,5,-0.3680279553,-1.859476447,3.782505274,2,2,1,4,5,
1047,4.9,3.8,2,4.5,4.5,13103.35044,1,12,1,0.9910312295,1.920209408,0.6802790165,-1.026576161,1.506037712,0.8667362928,-0.8599784374,-0.2892209888,0,-0.02374389581,-0.07178839296,0.1379993707,1.374065757,1,0.01167022251,0.3253994882,3.400620699,-3.031393766,3,4,5,2,,,-0.4572152495,-0.656637609,-1.397873402,5.470183372,1,3,2,1,4,5,0.1430496871,-0.5872414112,-0.8932155967,0.007320391946,0.1120800376,-2.646594286,3.333152533,3,1,3,5,,,0.01323205326,0.00640135305,0.09801737219,0.2261209488,1.961943746,1.399152517,1.75138104,-2.965258121,3.648804188,4,1,5,,,,-0.3280097544,-1.859476447,3.782505274,2,2,1,4,5,
1048,3.1,4.033333333,2.2,4,3.6,8468.01231,1,12,1,1.457737923,-0.6550581455,1.305383086,-0.7341638803,0.6126255393,-0.9090160728,-1.121690392,0.4019052684,0,0.0243223235,-0.07178839296,0.1379993707,2.748752832,2,0.03683749959,1.027135849,3.400620699,-3.031393766,4,5,2,,,,-0.850687623,-1.221729755,-1.397873402,5.470183372,1,3,2,1,4,5,-0.06774771214,-0.793210566,-1.211210728,-0.1012912616,-1.550836086,-2.646594286,3.333152533,1,4,2,1,3,5,-0.09358053654,-0.1004112363,-1.537483931,0.09305154532,0.8073639274,0.7059992552,0.8837304711,-2.965258121,3.648804188,3,3,1,5,,,-1.859476447,-1.859476447,3.782505274,1,3,2,1,4,5
1049,3.6,3.883333333,2.4,3.8,4,9243.346685,1,12,1,1.92724824,0.06029396132,0.9035304785,-0.4417515099,0.2552606463,-0.119792819,-1.077914834,1.097183347,0,0.00877754204,-0.07178839296,0.1379993707,2.304174185,2,0.02603499219,0.7259307504,3.400620699,-3.031393766,3,4,5,2,,,-0.758764863,-1.089713335,-1.397873402,5.470183372,1,3,2,1,4,5,-0.006380335428,-0.7349470854,-1.121257901,-0.04210015759,-0.6445811987,-2.646594286,3.333152533,2,2,1,3,5,,-0.03469035774,-0.04152105749,-0.6357647181,0.07823449373,0.6788034439,0.7833983898,0.9806143641,-2.965258121,3.648804188,3,3,1,5,,,0.2015603036,-1.859476447,3.782505274,2,2,1,4,5,
1050,3.8,3.833333333,3.2,3.2,4.6,14085.2564,2,12,1,1.187734962,0.3464348018,0.769579649,0.7278978825,-0.8168340325,1.064042091,-0.8045398593,0.002069266513,1,0.04498166591,-0.07178839296,0.1379993707,3.339607,3,0.03206347302,0.8940222263,3.400620699,-3.031393766,4,5,2,,,,-0.5437324047,-0.7808907628,-1.397873402,5.470183372,1,3,2,1,4,5,0.01783644594,-0.7117649317,-1.0854671,0.01121108141,0.1716490686,-2.646594286,3.333152533,3,1,3,5,,,0.01674164645,0.009910946712,0.1517558396,-0.0022347013,-0.01938943937,-0.01402476244,-0.01755541749,-2.965258121,3.648804188,3,3,1,5,,,-0.5184900165,-1.859476447,3.782505274,2,2,1,4,5,
1051,2.6,3.216666667,3.5,3,3.6,16065.52532,2,32,2,2.390457153,-1.370410204,-0.8824810386,1.166516423,-1.174198866,-0.9090160728,-0.6927335858,1.783129811,1,0.04719729722,-0.07178839296,0.1379993707,3.402973652,3,-0.0237906184,-0.6633511186,3.400620699,-3.031393766,2,1,4,5,2,,-0.5807269216,-0.8340210319,-1.397873402,5.470183372,1,3,2,1,4,5,-0.09719885886,-0.5218830705,-0.7923090458,-0.0129770916,-0.1986878365,-2.646594286,3.333152533,3,1,3,5,,,-0.00821510423,-0.01243300363,-0.1903719902,-0.2175468802,-1.887550592,-0.9698804617,-1.214042187,-2.965258121,3.648804188,2,4,3,1,5,,-0.1315761507,-1.859476447,3.782505274,2,2,1,4,5,
1052,4.1,3.416666667,2,3.3,4.9,18828.30055,2,32,2,1.407885909,0.7756460309,-0.3466776013,-1.026576161,-0.6381515861,1.655959487,-0.5367468596,0.3280815184,1,-0.01415466331,-0.07178839296,0.1379993707,1.648316383,1,-0.0001832886337,-0.005110612605,3.400620699,-3.031393766,3,4,5,2,,,-0.3092069626,-0.4440729618,-1.397873402,5.470183372,1,3,2,1,4,5,0.06544234604,-0.3592418432,-0.5412077308,0.1192525774,1.825835705,-2.646594286,3.333152533,4,3,5,,,,0.1229422837,0.1187243834,1.817893863,0.07198521495,0.6245813966,0.5504564047,0.6890305877,-2.965258121,3.648804188,3,3,1,5,,,-0.326562345,-1.859476447,3.782505274,2,2,1,4,5,
1053,3.1,3.85,2.2,3.6,3.6,51028.5025,2,200,5,0.5175491571,-0.6550581455,0.8142299056,-0.7341638803,-0.1021042541,-0.9090160728,1.28128171,-0.9903806448,1,0.03885450587,-0.07178839296,0.1379993707,3.164371014,3,0.02164875902,0.6036298871,3.400620699,-3.031393766,3,4,5,2,,,0.8326399922,1.195810437,-1.397873402,5.470183372,2,2,1,4,5,,-0.06169463322,1.068933368,1.663747787,-0.03877476975,-0.5936673284,-2.646594286,3.333152533,2,2,1,3,5,,-0.04758255556,-0.03643205389,-0.5578424931,0.03449321166,0.2992811501,-0.02313429862,-0.02895822749,-2.965258121,3.648804188,3,3,1,5,,,1.812635899,-1.859476447,3.782505274,4,4,5,,,
1054,3.8,3.1,3,3.2,4,34173.13479,2,128,4,1.246423483,0.3464348018,-1.195033073,0.4354855418,-0.8168340325,-0.119792819,0.3296249807,0.08897862583,1,0.004354193341,-0.07178839296,0.1379993707,2.177667141,2,-0.04167467728,-1.162010312,3.400620699,-3.031393766,2,1,4,5,2,,0.2721270025,0.390819937,-1.397873402,5.470183372,2,2,1,4,5,,0.04204875231,0.291380465,0.4632861316,0.0744734928,1.140238285,-2.646594286,3.333152533,4,3,5,,,,0.07220758498,0.07465068251,1.143042684,-0.1179087013,-1.023037672,-0.7450336218,-0.9325914979,-2.965258121,3.648804188,2,4,3,1,5,,0.6046462655,-1.859476447,3.782505274,3,1,4,5,,
1055,3.1,2.866666667,1.8,3.8,3.5,22805.35784,2,72,3,1.908627033,-0.6550581455,-1.820137143,-1.318988562,0.2552606463,-1.106321931,-0.3122015595,1.069607973,1,-0.01617722772,-0.07178839296,0.1379993707,1.590471387,1,-0.06198198348,-1.728236675,3.400620699,-3.031393766,2,1,4,5,2,,-0.2471448183,-0.3549413085,-1.397873402,5.470183372,1,3,2,1,4,5,-0.02922813408,-0.2152995318,-0.3189756274,0.04899690673,0.7501749992,-2.646594286,3.333152533,3,1,3,5,,,0.05114304274,0.04936784133,0.7559149861,-0.05229274929,-0.4537192583,-0.07288745046,-0.09123644233,-2.965258121,3.648804188,3,3,1,5,,,-0.7189774513,-1.859476447,3.782505274,2,2,1,4,5,
1056,3.2,3.533333333,2.5,3.6,3.9,10914.18432,2,12,1,0,-0.5119876862,-0.03412557766,-0.2955453396,-0.1021042541,-0.3170986474,-0.9835790992,-1.756797314,1,0.03019433841,-0.07178839296,0.1379993707,2.916691542,2,0.0004990931484,0.01391616184,3.400620699,-3.031393766,3,4,5,2,,,-0.7264945507,-1.043367743,-1.397873402,5.470183372,1,3,2,1,4,5,-0.03995634615,-0.7757654786,-1.184277296,-0.01487978827,-0.2278193682,-2.646594286,3.333152533,3,1,3,5,,,-0.008118472062,-0.0149491718,-0.2288992405,-0.01054244116,-0.09147173911,-0.5078031421,-0.6356396079,-2.965258121,3.648804188,2,4,3,1,5,,-0.478385061,-1.859476447,3.782505274,2,2,1,4,5,
1057,3.3,3.783333333,2.9,3.2,3.6,38294.31023,2,128,4,1.388730168,-0.3689172864,0.6356287599,0.2892793417,-0.8168340325,-0.9090160728,0.562307179,0.2997145951,1,0.04492280632,-0.07178839296,0.1379993707,3.337923527,3,0.01331325527,0.3712120056,3.400620699,-3.031393766,3,4,5,2,,,0.3555628359,0.5106477737,-1.397873402,5.470183372,2,2,1,4,5,,-0.03692756966,0.2124041319,0.3413548172,-0.0283863619,-0.4346139431,-2.646594286,3.333152533,2,2,1,3,5,,-0.03225177154,-0.02980867215,-0.456426084,-0.05783155933,-0.5017768741,-0.3014039993,-0.3772807121,-2.965258121,3.648804188,2,4,3,1,5,,0.4530101717,-1.859476447,3.782505274,3,1,4,5,,
1058,2.4,3.466666667,2.4,3,4,24062.34955,2,72,3,0.4629100561,-1.656551123,-0.2127267271,-0.4417515099,-1.174198866,-0.119792819,-0.2412315905,-1.071293354,1,0.03195402399,-0.07178839296,0.1379993707,2.967018366,2,0.008389085531,0.2339119315,3.400620699,-3.031393766,3,4,5,2,,,-0.2963986695,-0.4256781042,-1.397873402,5.470183372,1,3,2,1,4,5,-0.1280190051,-0.3140904009,-0.471498549,0.01629677042,0.2495143116,-2.646594286,3.333152533,3,1,3,5,,,0.01795504242,0.01617984287,0.2477444112,-0.08084137738,-0.7014220953,-0.7938898802,-0.9937470555,-2.965258121,3.648804188,2,4,3,1,5,,0.5893911719,-1.859476447,3.782505274,3,1,4,5,,
1059,2.5,3.45,3.2,4.1,3.1,56652.72732,2,200,5,1.125991583,-1.513480663,-0.2573770285,0.7278978825,0.7913079858,-1.895545125,1.598826408,-0.08936390281,1,0.06961001456,-0.07178839296,0.1379993707,4.0439744,4,-0.01387265511,-0.3868096769,3.400620699,-3.031393766,3,4,5,2,,,0.9997950792,1.435873032,-1.397873402,5.470183372,3,1,4,5,,,-0.1161857471,1.014442205,1.57961905,-0.1115701571,-1.708212733,-2.646594286,3.333152533,1,4,2,1,3,5,-0.1225608066,-0.1114103124,-1.705900431,-0.1005058065,-0.872040987,-0.6763716936,-0.8466443419,-2.965258121,3.648804188,2,4,3,1,5,,1.456439853,-1.859476447,3.782505274,3,1,4,5,,
1060,4.5,3.25,3.4,3.2,4.8,21274.1429,2,72,3,0.7440237999,1.34792769,-0.7931804657,1.020310163,-0.8168340325,1.458653688,-0.3986541927,-0.6550039053,1,0.007670931518,-0.07178839296,0.1379993707,2.272525311,2,-0.02177974954,-0.6072822809,3.400620699,-3.031393766,2,1,4,5,2,,-0.1621835977,-0.2329227924,-1.397873402,5.470183372,1,3,2,1,4,5,0.1160770282,-0.06999436766,-0.09463940561,0.1024427935,1.568466783,-2.646594286,3.333152533,4,3,5,,,,0.1051832214,0.1034080237,1.583371639,-0.06266781688,-0.5437387824,-0.571555078,-0.7154407501,-2.965258121,3.648804188,2,4,3,1,5,,-0.1704263389,-1.859476447,3.782505274,2,2,1,4,5,
1061,3.5,3.55,2.3,4.1,4.8,18233.86802,1,32,2,0.4629100561,-0.08277645707,0.01052471064,-0.5879576802,0.7913079858,1.458653688,-0.5703086257,-1.071293354,0,-0.002934957622,-0.07178839296,0.1379993707,1.969198346,1,0.01713618077,0.4778062105,3.400620699,-3.031393766,3,4,5,2,,,-0.4047331214,-0.5812644958,-1.397873402,5.470183372,1,3,2,1,4,5,-0.006657713559,-0.4313419163,-0.6525228024,0.01315740589,0.2014485747,-2.646594286,3.333152533,3,1,3,5,,,0.01707782038,0.01285992004,0.1969101578,0.1112792119,0.9655166864,0.4563141763,0.5711886287,-2.965258121,3.648804188,3,3,1,5,,,-1.431680202,-1.859476447,3.782505274,1,3,2,1,4,5
1062,4.8,4.033333333,3.9,4.4,4.6,15685.53943,1,32,2,0.9910312295,1.777138948,1.305383086,1.751341105,1.327355266,1.064042091,-0.7141876221,-0.2892209888,0,0.04235164076,-0.07178839296,0.1379993707,3.264388561,3,0.0345713757,0.9639497995,3.400620699,-3.031393766,4,5,2,,,,-0.3744401634,-0.5377587676,-1.397873402,5.470183372,1,3,2,1,4,5,0.1240627989,-0.3006213903,-0.4507037997,-0.07871031761,-1.205106854,-2.646594286,3.333152533,2,2,1,3,5,,-0.07380084693,-0.07801874727,-1.194612861,0.1017246395,0.8826162219,0.589656949,0.7380996346,-2.965258121,3.648804188,3,3,1,5,,,-0.4865258336,-1.859476447,3.782505274,2,2,1,4,5,
1063,3.9,3.65,2,3.4,4.1,73844.07475,2,200,5,0.9574270844,0.4895052314,0.2784264386,-1.026576161,-0.4594691396,0.07751300186,2.569452524,-0.338983953,1,0.002925625304,-0.07178839296,0.1379993707,2.136810303,2,0.004649243318,0.1296343356,3.400620699,-3.031393766,3,4,5,2,,,1.828650355,2.626247883,-1.397873402,5.470183372,3,1,4,5,,,0.03517249599,1.165800452,1.81330061,0.06481773406,0.9924023151,-2.646594286,3.333152533,4,3,5,,,,0.047154814,0.05830531567,0.8927645087,0.05916452408,0.5133423805,0.3002607822,0.375849694,-2.965258121,3.648804188,3,3,1,5,,,1.107729673,-1.859476447,3.782505274,3,1,4,5,,
1064,3.5,3.633333333,2.3,3,3.6,24568.04934,1,72,3,1.302470207,-0.08277645707,0.2337761521,-0.5879576802,-1.174198866,-0.9090160728,-0.2126796991,0.1719758511,0,-0.01668750495,-0.07178839296,0.1379993707,1.575877547,1,-0.00192622235,-0.05370863527,3.400620699,-3.031393766,3,4,5,2,,,-0.1578595489,-0.2267127335,-1.397873402,5.470183372,1,3,2,1,4,5,-0.009409111924,-0.1954805106,-0.2883770764,0.02503354102,0.3832800388,-2.646594286,3.333152533,3,1,3,5,,,0.02649554238,0.02472034283,0.3785154819,-0.04172762856,-0.3620507419,-0.2285440862,-0.2860787213,-2.965258121,3.648804188,3,3,1,5,,,-0.3907645643,-1.859476447,3.782505274,2,2,1,4,5,
1065,2.7,3.766666667,2.3,4.1,4.3,18198.72047,1,32,2,0.6408699155,-1.227339864,0.5909784436,-0.5879576802,0.7913079858,0.4721246362,-0.5722930431,-0.8077601194,0,0.02483720891,-0.07178839296,0.1379993707,2.763478279,2,0.03551649302,0.9903023839,3.400620699,-3.031393766,4,5,2,,,,-0.5035356879,-0.7231615186,-1.397873402,5.470183372,1,3,2,1,4,5,-0.1040751263,-0.5287593007,-0.8029252291,-0.0624123849,-0.9555748105,-2.646594286,3.333152533,2,2,1,3,5,,-0.05847832933,-0.06269622594,-0.9599962831,0.08733832836,0.7577930689,0.3664047718,0.4586450458,-2.965258121,3.648804188,3,3,1,5,,,-1.339638472,-1.859476447,3.782505274,1,3,2,1,4,5
1067,3.3,4,2.2,3.9,3.6,50716.23823,1,200,5,0.7559289336,-0.3689172864,1.216082454,-0.7341638803,0.433943063,-0.9090160728,1.263651252,-0.6373741031,0,0.01675997302,-0.07178839296,0.1379993707,2.532470703,2,0.03126358241,0.8717189431,3.400620699,-3.031393766,4,5,2,,,,0.8379473686,1.203432679,-1.397873402,5.470183372,2,2,1,4,5,,-0.04408120736,1.086546779,1.690941095,-0.06726840138,-1.029923677,-2.646594286,3.333152533,2,2,1,3,5,,-0.0759549886,-0.06480448693,-0.9922777414,0.08595450968,0.7457863092,0.3999962211,0.5006929636,-2.965258121,3.648804188,3,3,1,5,,,0.8290278912,-1.859476447,3.782505274,3,1,4,5,,
1068,2.7,3.65,2.6,3.8,3.8,48361.86145,2,200,5,0,-1.227339864,0.2784264386,-0.1493391693,0.2552606463,-0.5144044757,1.130722761,-1.756797314,1,0.0527453348,-0.07178839296,0.1379993707,3.5616467,3,0.01503160596,0.4191245735,3.400620699,-3.031393766,3,4,5,2,,,0.689021349,0.9895499945,-1.397873402,5.470183372,2,2,1,4,5,,-0.1002231687,1.030404806,1.604263663,-0.05288482085,-0.8097015023,-2.646594286,3.333152533,2,2,1,3,5,,-0.06065763161,-0.04950712994,-0.7580464482,-0.006352495868,-0.05511758104,-0.480537504,-0.6015100479,-2.965258121,3.648804188,2,4,3,1,5,,0.406214267,-1.859476447,3.782505274,3,1,4,5,,
1069,4,3.55,1.9,3.3,4.1,18724.21011,2,32,2,1.669045925,0.6325756311,0.01052471064,-1.172782421,-0.6381515861,0.07751300186,-0.5426238179,0.7148223519,1,-0.008490918204,-0.07178839296,0.1379993707,1.810298681,1,-0.005041686818,-0.1405767798,3.400620699,-3.031393766,3,4,5,2,,,-0.3289942741,-0.4724908471,-1.397873402,5.470183372,1,3,2,1,4,5,0.04975714162,-0.3749270439,-0.5654240847,0.06796865165,1.040644884,-2.646594286,3.333152533,4,3,5,,,,0.07169875503,0.06748085469,1.033259153,0.04819389805,0.4181554914,0.4923222065,0.6162614822,-2.965258121,3.648804188,3,3,1,5,,,0.6256910563,-1.859476447,3.782505274,3,1,4,5,,
1073,3.1,3.6,1.8,3.5,3.1,19587.6011,2,32,2,0.4629100561,-0.6550581455,0.1444755793,-1.318988562,-0.2807866931,-1.895545125,-0.4938766062,-1.071293354,1,0.01388960704,-0.07178839296,0.1379993707,2.450378418,2,-0.0098824827,-0.2755521536,3.400620699,-3.031393766,3,4,5,2,,,-0.3981662989,-0.5718334317,-1.397873402,5.470183372,1,3,2,1,4,5,-0.05344044045,-0.4781246483,-0.7247505188,-0.02682373486,-0.4106890857,-2.646594286,3.333152533,2,2,1,3,5,,-0.02342873067,-0.027646631,-0.4233211875,-0.004540599883,-0.03939662129,-0.2973707914,-0.3722321689,-2.965258121,3.648804188,2,4,3,1,5,,-0.6829634905,-1.859476447,3.782505274,2,2,1,4,5,
